場所,年月日,所属,曜日,馬名,Ｃ,性別,年齢,調教師,Time1,Time2,Time3,Time4,Lap4,Lap3,Lap2,Lap1,馬番/仮番(出馬表モード時のみ)
栗東,20261006,栗東,火,アーケントレイル,,牡,2,矢作芳人,62.2,45.3,30.1,15.2,16.9,15.2,14.9,15.2,
栗東,20261007,栗東,水,アーケントレイル,,牡,2,矢作芳人,54.0,39.5,26.2,13.3,14.5,13.3,12.9,13.3,
栗東,20261009,栗東,金,アーケントレイル,,牡,2,矢作芳人,60.5,44.1,28.8,13.7,16.4,15.3,15.1,13.7,
美浦,20261008,美浦,木,アースグレイジング,,牡,2,杉浦宏昭,54.5,39.5,25.1,12.4,15.0,14.4,12.7,12.4,
美浦,20261006,美浦,火,アイビーナツユメ,,牝,2,牧光二,62.3,46.7,31.1,15.8,15.6,15.6,15.3,15.8,
美浦,20261007,美浦,水,アイビーナツユメ,,牝,2,牧光二,54.7,40.1,25.8,12.9,14.6,14.3,12.9,12.9,
美浦,20261007,美浦,水,アイファーエリース,,牝,2,蛯名利弘,65.6,48.8,32.4,16.1,16.8,16.4,16.3,16.1,
美浦,20261008,美浦,木,アイファーエリース,,牝,2,蛯名利弘,54.7,40.6,26.3,12.8,14.1,14.3,13.5,12.8,
栗東,20261009,栗東,金,アイルエクラ,,牡,2,新谷功一,62.6,46.1,31.0,15.3,16.5,15.1,15.7,15.3,
栗東,20261010,栗東,土,アイルエクラ,,牡,2,新谷功一,66.2,49.3,32.8,16.5,16.9,16.5,16.3,16.5,
美浦,20261006,美浦,火,アインザッツ,,牡,2,宮田敬介,63.1,46.9,31.0,15.1,16.2,15.9,15.9,15.1,
栗東,20261006,栗東,火,アヴィオン,Ｚ,牝,3,岡田稲男,71.0,52.1,33.7,16.3,18.9,18.4,17.4,16.3,
栗東,20261007,栗東,水,アヴィオン,Ｚ,牝,3,岡田稲男,52.0,36.9,23.8,12.0,15.1,13.1,11.8,12.0,
栗東,20261010,栗東,土,アヴィオン,Ｚ,牝,3,岡田稲男,71.4,51.6,33.0,15.9,19.8,18.6,17.1,15.9,
栗東,20261006,栗東,火,アオイレーギーナ,,牝,4,宮地貴稔,63.8,48.0,31.7,15.9,15.8,16.3,15.8,15.9,
栗東,20261007,栗東,水,アオイレーギーナ,,牝,4,宮地貴稔,53.6,38.9,25.2,12.1,14.7,13.7,13.1,12.1,
栗東,20261010,栗東,土,アオイレーギーナ,,牝,4,宮地貴稔,64.6,47.7,31.8,16.0,16.9,15.9,15.8,16.0,
美浦,20261006,美浦,火,アクアマーズ,Ｃ,牡,3,浅利英明,63.3,46.3,29.9,14.8,17.0,16.4,15.1,14.8,
美浦,20261007,美浦,水,アクアマーズ,Ｃ,牡,3,浅利英明,65.2,48.1,32.1,15.8,17.1,16.0,16.3,15.8,
美浦,20261010,美浦,土,アクアマーズ,Ｃ,牡,3,浅利英明,67.0,49.8,33.0,16.1,17.2,16.8,16.9,16.1,
栗東,20261007,栗東,水,アジアミッション,,牡,5,緒方努,55.3,40.9,26.7,13.6,14.4,14.2,13.1,13.6,
栗東,20261006,栗東,火,アスクアイルビゼア,,牡,5,矢作芳人,62.4,45.8,29.8,14.8,16.6,16.0,15.0,14.8,
栗東,20261007,栗東,水,アスクアイルビゼア,,牡,5,矢作芳人,54.5,39.8,26.3,13.3,14.7,13.5,13.0,13.3,
栗東,20261009,栗東,金,アスクアイルビゼア,,牡,5,矢作芳人,64.4,46.8,30.7,15.4,17.6,16.1,15.3,15.4,
美浦,20261009,美浦,金,アテナプロマコス,,牝,2,和田勇介,65.9,48.7,32.2,16.2,17.2,16.5,16.0,16.2,
美浦,20261010,美浦,土,アテナプロマコス,,牝,2,和田勇介,67.4,49.4,32.7,16.3,18.0,16.7,16.4,16.3,
栗東,20261006,栗東,火,アルトゥーム,,牡,5,藤岡健一,63.6,47.1,31.1,15.5,16.5,16.0,15.6,15.5,
栗東,20261009,栗東,金,アルトゥーム,,牡,5,藤岡健一,63.6,47.0,30.7,15.4,16.6,16.3,15.3,15.4,
栗東,20261009,栗東,金,アルバドラータ,,牡,2,小栗実,68.7,50.4,33.1,16.2,18.3,17.3,16.9,16.2,
栗東,20261006,栗東,火,アルビオン,,牝,3,笹田和秀,65.2,47.9,31.6,15.6,17.3,16.3,16.0,15.6,
栗東,20261007,栗東,水,アルビオン,,牝,3,笹田和秀,54.2,39.3,25.6,12.9,14.9,13.7,12.7,12.9,
栗東,20261006,栗東,火,アルフェラッツ,,牝,2,渡辺薫彦,63.9,47.9,32.0,16.0,16.0,15.9,16.0,16.0,
栗東,20261009,栗東,金,アルフェラッツ,,牝,2,渡辺薫彦,67.1,49.9,33.4,16.6,17.2,16.5,16.8,16.6,
美浦,20261006,美浦,火,アンシュウマト,,牡,3,中川公成,63.1,46.3,30.1,14.9,16.8,16.2,15.2,14.9,
美浦,20261009,美浦,金,アンシュウマト,,牡,3,中川公成,74.4,54.4,36.1,18.0,20.0,18.3,18.1,18.0,
栗東,20261006,栗東,火,アンジュエール,,牝,2,前川恭子,64.6,47.5,31.4,15.7,17.1,16.1,15.7,15.7,
栗東,20261006,栗東,火,アンビアンス,,牝,4,清水久詞,72.5,53.4,35.1,17.7,19.1,18.3,17.4,17.7,
栗東,20261007,栗東,水,アンビアンス,,牝,4,清水久詞,55.1,39.7,25.7,12.4,15.4,14.0,13.3,12.4,
栗東,20261009,栗東,金,アンビアンス,,牝,4,清水久詞,70.4,51.7,33.9,16.4,18.7,17.8,17.5,16.4,
美浦,20261006,美浦,火,イツマデモマツワ,,牝,2,深山雅史,69.0,50.9,33.5,16.7,18.1,17.4,16.8,16.7,
美浦,20261006,美浦,火,イノキ,,牡,4,岩戸孝樹,67.5,48.3,31.4,15.2,19.2,16.9,16.2,15.2,
美浦,20261010,美浦,土,イノキ,,牡,4,岩戸孝樹,65.6,47.7,32.2,16.5,17.9,15.5,15.7,16.5,
美浦,20261009,美浦,金,イフルジャンス,,セ,4,金成貴史,65.3,47.7,31.2,15.5,17.6,16.5,15.7,15.5,
美浦,20261006,美浦,火,インターステラ,,牡,4,天間昭一,72.8,53.4,34.7,17.3,19.4,18.7,17.4,17.3,
美浦,20261006,美浦,火,イントゥーザブルー,,牡,2,清水英克,67.5,49.3,32.3,15.7,18.2,17.0,16.6,15.7,
美浦,20261007,美浦,水,イントゥーザブルー,,牡,2,清水英克,64.7,47.4,31.1,15.7,17.3,16.3,15.4,15.7,
美浦,20261009,美浦,金,イントゥーザブルー,,牡,2,清水英克,71.8,53.0,35.0,17.4,18.8,18.0,17.6,17.4,
美浦,20261010,美浦,土,イントゥーザブルー,,牡,2,清水英克,75.6,56.3,38.0,19.3,19.3,18.3,18.7,19.3,
美浦,20261007,美浦,水,ヴァルブロッサ,,牝,2,久保田貴,55.1,40.3,25.7,12.0,14.8,14.6,13.7,12.0,
栗東,20261009,栗東,金,ヴァンアグレアブル,,牝,4,橋口慎介,66.6,48.3,31.4,15.2,18.3,16.9,16.2,15.2,
栗東,20261010,栗東,土,ヴァンアグレアブル,,牝,4,橋口慎介,70.2,50.9,33.2,16.4,19.3,17.7,16.8,16.4,
美浦,20261006,美浦,火,ヴァンデスペランス,,牡,3,中舘英二,66.7,50.0,33.5,16.7,16.7,16.5,16.8,16.7,
美浦,20261009,美浦,金,ヴァンデスペランス,,牡,3,中舘英二,69.8,52.1,34.8,17.6,17.7,17.3,17.2,17.6,
美浦,20261010,美浦,土,ヴァンデスペランス,,牡,3,中舘英二,67.0,50.0,32.9,16.3,17.0,17.1,16.6,16.3,
美浦,20261006,美浦,火,ウィナーズチェック,,牝,2,和田勇介,65.1,48.4,32.2,16.2,16.7,16.2,16.0,16.2,
美浦,20261007,美浦,水,ウィナーズチェック,,牝,2,和田勇介,54.6,39.7,25.9,13.1,14.9,13.8,12.8,13.1,
美浦,20261006,美浦,火,ヴィンセンシオ,,セ,4,森一誠,65.9,48.4,31.3,15.1,17.5,17.1,16.2,15.1,
美浦,20261007,美浦,水,ヴィンセンシオ,,セ,4,森一誠,53.4,38.9,24.7,12.2,14.5,14.2,12.5,12.2,
美浦,20261009,美浦,金,ヴィンセンシオ,,セ,4,森一誠,65.2,47.4,30.8,14.4,17.8,16.6,16.4,14.4,
美浦,20261010,美浦,土,ウインドピット,,牡,2,尾形和幸,73.4,53.1,34.9,17.7,20.3,18.2,17.2,17.7,
栗東,20261006,栗東,火,ウイントワイライト,Ｚ,牝,4,西園翔太,67.7,50.1,33.0,16.4,17.6,17.1,16.6,16.4,
栗東,20261007,栗東,水,ウイントワイライト,Ｚ,牝,4,西園翔太,53.9,39.0,25.0,12.0,14.9,14.0,13.0,12.0,
栗東,20261009,栗東,金,ウイントワイライト,Ｚ,牝,4,西園翔太,66.0,48.8,32.0,15.7,17.2,16.8,16.3,15.7,
栗東,20261006,栗東,火,ウインブリーズ,,牝,2,宮本博,72.3,52.7,34.7,16.9,19.6,18.0,17.8,16.9,
栗東,20261007,栗東,水,ウインブリーズ,,牝,2,宮本博,55.5,40.3,26.4,12.6,15.2,13.9,13.8,12.6,
栗東,20261009,栗東,金,ウインブリーズ,,牝,2,宮本博,69.1,50.4,32.9,15.8,18.7,17.5,17.1,15.8,
栗東,20261010,栗東,土,ウインブリーズ,,牝,2,宮本博,66.5,47.9,31.0,15.3,18.6,16.9,15.7,15.3,
栗東,20261007,栗東,水,ウインラウダ,,牡,5,梅田智之,55.9,40.9,26.7,13.1,15.0,14.2,13.6,13.1,
美浦,20261010,美浦,土,ヴェルバーニア,,牡,2,手塚貴久,67.8,49.3,32.2,15.9,18.5,17.1,16.3,15.9,
栗東,20261006,栗東,火,ウォータークラーク,,牡,4,石橋守,66.2,48.5,32.4,16.2,17.7,16.1,16.2,16.2,
栗東,20261007,栗東,水,ウォータークラーク,,牡,4,石橋守,54.3,39.6,25.6,12.2,14.7,14.0,13.4,12.2,
栗東,20261009,栗東,金,ウォータークラーク,,牡,4,石橋守,64.6,47.5,31.0,15.4,17.1,16.5,15.6,15.4,
栗東,20261010,栗東,土,ウォータークラーク,,牡,4,石橋守,61.0,45.0,29.7,14.5,16.0,15.3,15.2,14.5,
栗東,20261006,栗東,火,ウォーターデライト,,牡,3,高柳大輔,65.4,47.0,31.1,15.7,18.4,15.9,15.4,15.7,
栗東,20261007,栗東,水,ウォーターデライト,,牡,3,高柳大輔,54.2,38.6,24.9,12.2,15.6,13.7,12.7,12.2,
栗東,20261009,栗東,金,ウォーターデライト,,牡,3,高柳大輔,65.5,46.9,30.6,15.1,18.6,16.3,15.5,15.1,
栗東,20261010,栗東,土,ウォーターデライト,,牡,3,高柳大輔,65.6,48.2,31.8,15.4,17.4,16.4,16.4,15.4,
美浦,20261006,美浦,火,ヴォートセレスト,,牡,3,奥村武,62.9,46.0,30.3,14.8,16.9,15.7,15.5,14.8,
美浦,20261009,美浦,金,ヴォートセレスト,,牡,3,奥村武,66.6,48.1,31.1,15.8,18.5,17.0,15.3,15.8,
美浦,20261010,美浦,土,ヴォートセレスト,,牡,3,奥村武,67.3,49.4,32.4,16.2,17.9,17.0,16.2,16.2,
美浦,20261006,美浦,火,ウルフマン,,牡,3,手塚貴久,66.9,49.4,31.9,15.2,17.5,17.5,16.7,15.2,
美浦,20261009,美浦,金,ウルフマン,,牡,3,手塚貴久,66.9,49.2,31.9,15.5,17.7,17.3,16.4,15.5,
美浦,20261010,美浦,土,ウルフマン,,牡,3,手塚貴久,69.5,50.8,32.6,15.4,18.7,18.2,17.2,15.4,
美浦,20261006,美浦,火,ヴンダーバール,,牝,3,斎藤誠,63.1,46.9,30.8,15.2,16.2,16.1,15.6,15.2,
美浦,20261007,美浦,水,ヴンダーバール,,牝,3,斎藤誠,53.2,39.1,25.5,12.5,14.1,13.6,13.0,12.5,
栗東,20261006,栗東,火,エアニゲラ,,牝,4,池添学,62.4,45.4,29.7,14.5,17.0,15.7,15.2,14.5,
栗東,20261007,栗東,水,エアニゲラ,,牝,4,池添学,55.0,39.6,25.4,12.6,15.4,14.2,12.8,12.6,
栗東,20261010,栗東,土,エアニゲラ,,牝,4,池添学,64.1,46.8,30.6,14.9,17.3,16.2,15.7,14.9,
栗東,20261006,栗東,火,エイプリルインパリ,,牝,4,高橋義忠,62.3,45.9,30.1,14.9,16.4,15.8,15.2,14.9,
栗東,20261007,栗東,水,エイプリルインパリ,,牝,4,高橋義忠,52.7,38.1,24.7,12.6,14.6,13.4,12.1,12.6,
栗東,20261006,栗東,火,エーデルヴェーグ,,牝,4,田中克典,68.3,50.1,32.9,16.1,18.2,17.2,16.8,16.1,
栗東,20261009,栗東,金,エーデルヴェーグ,,牝,4,田中克典,70.8,51.2,33.4,16.5,19.6,17.8,16.9,16.5,
栗東,20261006,栗東,火,エグジスタンス,,牡,3,奥村豊,62.4,45.9,30.1,14.6,16.5,15.8,15.5,14.6,
栗東,20261007,栗東,水,エグジスタンス,,牡,3,奥村豊,55.1,40.1,25.9,12.8,15.0,14.2,13.1,12.8,
栗東,20261009,栗東,金,エグジスタンス,,牡,3,奥村豊,63.9,46.5,30.6,15.0,17.4,15.9,15.6,15.0,
栗東,20261010,栗東,土,エグジスタンス,,牡,3,奥村豊,63.5,46.9,30.8,15.3,16.6,16.1,15.5,15.3,
美浦,20261006,美浦,火,エスシーレイジュ,,牝,3,松山将樹,64.3,48.0,31.9,15.7,16.3,16.1,16.2,15.7,
美浦,20261009,美浦,金,エスシーレイジュ,,牝,3,松山将樹,65.0,47.8,32.2,16.1,17.2,15.6,16.1,16.1,
美浦,20261010,美浦,土,エスシーレイジュ,,牝,3,松山将樹,64.8,48.6,31.8,15.8,16.2,16.8,16.0,15.8,
栗東,20261007,栗東,水,エスティヴァリス,,牝,3,高橋康之,56.6,40.0,25.3,12.6,16.6,14.7,12.7,12.6,
栗東,20261006,栗東,火,エターナルプロミス,,牝,4,茶木太樹,60.9,44.6,29.4,14.7,16.3,15.2,14.7,14.7,
栗東,20261007,栗東,水,エターナルプロミス,,牝,4,茶木太樹,55.2,40.1,25.9,12.6,15.1,14.2,13.3,12.6,
栗東,20261009,栗東,金,エターナルプロミス,,牝,4,茶木太樹,62.3,45.8,30.2,14.6,16.5,15.6,15.6,14.6,
美浦,20261006,美浦,火,エラルディーク,Ｎ,牝,3,宮田敬介,64.5,47.2,30.7,14.9,17.3,16.5,15.8,14.9,
美浦,20261007,美浦,水,エラルディーク,Ｎ,牝,3,宮田敬介,53.5,38.2,24.6,11.8,15.3,13.6,12.8,11.8,
美浦,20261009,美浦,金,エラルディーク,Ｎ,牝,3,宮田敬介,64.0,46.6,30.1,14.8,17.4,16.5,15.3,14.8,
美浦,20261010,美浦,土,エラルディーク,Ｎ,牝,3,宮田敬介,65.8,47.6,30.8,15.1,18.2,16.8,15.7,15.1,
栗東,20261006,栗東,火,オーケアニス,,牝,4,松永幹夫,64.8,47.5,31.0,15.5,17.3,16.5,15.5,15.5,
栗東,20261007,栗東,水,オーケアニス,,牝,4,松永幹夫,56.5,40.6,25.7,12.5,15.9,14.9,13.2,12.5,
栗東,20261009,栗東,金,オーケアニス,,牝,4,松永幹夫,62.8,46.8,31.3,15.7,16.0,15.5,15.6,15.7,
栗東,20261010,栗東,土,オーケアニス,,牝,4,松永幹夫,63.3,46.8,30.7,15.3,16.5,16.1,15.4,15.3,
栗東,20261006,栗東,火,オーシンエス,,牡,4,宮徹,65.7,48.3,31.7,15.3,17.4,16.6,16.4,15.3,
栗東,20261007,栗東,水,オーシンエス,,牡,4,宮徹,67.0,49.9,33.3,16.7,17.1,16.6,16.6,16.7,
栗東,20261007,栗東,水,オーシンエス,,牡,4,宮徹,54.9,40.0,25.9,13.0,14.9,14.1,12.9,13.0,
栗東,20261009,栗東,金,オーシンエス,,牡,4,宮徹,65.0,47.3,31.4,15.8,17.7,15.9,15.6,15.8,
栗東,20261010,栗東,土,オーシンエス,,牡,4,宮徹,67.8,49.6,32.6,16.2,18.2,17.0,16.4,16.2,
美浦,20261006,美浦,火,オーバーゼア,,牡,2,伊藤伸一,70.1,52.3,34.4,17.0,17.8,17.9,17.4,17.0,
美浦,20261007,美浦,水,オーバーゼア,,牡,2,伊藤伸一,74.7,54.8,35.8,18.2,19.9,19.0,17.6,18.2,
美浦,20261009,美浦,金,オーバーゼア,,牡,2,伊藤伸一,70.4,52.6,33.9,17.1,17.8,18.7,16.8,17.1,
美浦,20261010,美浦,土,オーバーゼア,,牡,2,伊藤伸一,74.2,54.6,35.9,18.0,19.6,18.7,17.9,18.0,
美浦,20261006,美浦,火,オカメノコイ,,牝,4,小笠倫弘,70.3,50.9,33.3,16.4,19.4,17.6,16.9,16.4,
美浦,20261006,美浦,火,オカメノコイ,,牝,4,小笠倫弘,68.1,50.1,33.1,16.3,18.0,17.0,16.8,16.3,
栗東,20261006,栗東,火,オデット,,牝,4,緒方努,63.8,46.9,31.2,15.8,16.9,15.7,15.4,15.8,
栗東,20261007,栗東,水,オデット,,牝,4,緒方努,54.4,39.7,25.7,12.7,14.7,14.0,13.0,12.7,
栗東,20261009,栗東,金,オデット,,牝,4,緒方努,64.9,47.4,32.0,15.6,17.5,15.4,16.4,15.6,
栗東,20261010,栗東,土,オデット,,牝,4,緒方努,66.0,47.7,32.2,16.0,18.3,15.5,16.2,16.0,
美浦,20261006,美浦,火,オニノウタゲ,,牝,3,和田雄二,65.0,48.1,31.8,16.2,16.9,16.3,15.6,16.2,
美浦,20261009,美浦,金,オニノウタゲ,,牝,3,和田雄二,68.9,50.7,33.7,16.8,18.2,17.0,16.9,16.8,
美浦,20261010,美浦,土,オニノウタゲ,,牝,3,和田雄二,75.7,55.0,35.5,17.6,20.7,19.5,17.9,17.6,
美浦,20261007,美浦,水,オブシディアン,,牡,6,石栗龍彦,73.5,54.1,35.6,17.6,19.4,18.5,18.0,17.6,
美浦,20261010,美浦,土,オブシディアン,,牡,6,石栗龍彦,70.8,51.9,33.6,16.6,18.9,18.3,17.0,16.6,
美浦,20261009,美浦,金,オメガストリーム,,牝,4,田中勝春,61.8,45.5,30.0,15.2,16.3,15.5,14.8,15.2,
栗東,20261006,栗東,火,オンユアマークス,,牡,2,松永幹夫,64.9,47.4,31.4,15.5,17.5,16.0,15.9,15.5,
栗東,20261007,栗東,水,オンユアマークス,,牡,2,松永幹夫,54.8,39.9,25.8,12.7,14.9,14.1,13.1,12.7,
栗東,20261009,栗東,金,オンユアマークス,,牡,2,松永幹夫,63.9,47.2,31.7,16.1,16.7,15.5,15.6,16.1,
栗東,20261010,栗東,土,オンユアマークス,,牡,2,松永幹夫,65.6,48.4,32.1,16.1,17.2,16.3,16.0,16.1,
美浦,20261007,美浦,水,カーボフリオ,,牝,3,高木登,54.1,38.7,25.0,12.3,15.4,13.7,12.7,12.3,
美浦,20261006,美浦,火,カーマンライン,,セ,5,小島茂之,59.4,44.6,29.4,14.9,14.8,15.2,14.5,14.9,
栗東,20261006,栗東,火,カーメルタザイト,,牡,5,安田翔伍,65.3,48.9,32.6,16.0,16.4,16.3,16.6,16.0,
栗東,20261007,栗東,水,カーメルタザイト,,牡,5,安田翔伍,51.9,38.4,26.0,13.5,13.5,12.4,12.5,13.5,
栗東,20261010,栗東,土,カーメルタザイト,,牡,5,安田翔伍,66.9,49.4,32.6,16.2,17.5,16.8,16.4,16.2,
美浦,20261006,美浦,火,カシノデスティニー,,牝,2,和田雄二,68.0,50.0,33.2,17.0,18.0,16.8,16.2,17.0,
美浦,20261009,美浦,金,カシノデスティニー,,牝,2,和田雄二,68.3,50.7,33.6,17.0,17.6,17.1,16.6,17.0,
美浦,20261010,美浦,土,カシノデスティニー,,牝,2,和田雄二,66.0,49.0,32.2,16.6,17.0,16.8,15.6,16.6,
美浦,20261006,美浦,火,カスバートテソーロ,,牝,4,畠山吉宏,62.2,46.3,30.7,15.2,15.9,15.6,15.5,15.2,
美浦,20261010,美浦,土,カネラフィーナ,,牝,4,手塚貴久,65.9,48.5,31.7,15.7,17.4,16.8,16.0,15.7,
栗東,20261006,栗東,火,カフジキアッキエレ,,牝,6,森田直行,65.1,47.5,31.6,16.1,17.6,15.9,15.5,16.1,
栗東,20261007,栗東,水,カフジキアッキエレ,,牝,6,森田直行,52.6,38.5,25.2,12.7,14.1,13.3,12.5,12.7,
栗東,20261010,栗東,土,カフジキアッキエレ,,牝,6,森田直行,69.4,50.6,33.0,16.3,18.8,17.6,16.7,16.3,
栗東,20261006,栗東,火,カムニャック,,牝,4,友道康夫,64.8,47.7,31.3,15.6,17.1,16.4,15.7,15.6,
栗東,20261007,栗東,水,カムニャック,,牝,4,友道康夫,53.9,39.2,25.0,12.4,14.7,14.2,12.6,12.4,
栗東,20261009,栗東,金,カムニャック,,牝,4,友道康夫,60.3,44.7,29.4,14.3,15.6,15.3,15.1,14.3,
栗東,20261006,栗東,火,カルパ,,牡,5,須貝尚介,67.0,48.2,31.0,15.2,18.8,17.2,15.8,15.2,
栗東,20261007,栗東,水,カルパ,,牡,5,須貝尚介,54.4,38.9,25.1,12.4,15.5,13.8,12.7,12.4,
栗東,20261009,栗東,金,カルパ,,牡,5,須貝尚介,64.8,46.8,30.3,15.0,18.0,16.5,15.3,15.0,
栗東,20261006,栗東,火,カルミアクラウン,,牝,4,吉岡辰弥,65.7,46.9,29.8,14.2,18.8,17.1,15.6,14.2,
栗東,20261007,栗東,水,カルミアクラウン,,牝,4,吉岡辰弥,63.8,46.6,28.9,13.9,17.2,17.7,15.0,13.9,
栗東,20261008,栗東,木,カルミアクラウン,,牝,4,吉岡辰弥,57.0,41.3,26.8,13.2,15.7,14.5,13.6,13.2,
栗東,20261010,栗東,土,カルミアクラウン,,牝,4,吉岡辰弥,63.1,45.0,29.0,14.2,18.1,16.0,14.8,14.2,
栗東,20261006,栗東,火,カワキタマナレア,,牝,4,杉山佳明,65.1,47.6,31.1,15.0,17.5,16.5,16.1,15.0,
栗東,20261007,栗東,水,カワキタマナレア,,牝,4,杉山佳明,54.8,39.3,24.8,12.1,15.5,14.5,12.7,12.1,
美浦,20261007,美浦,水,カンキチ,,牡,2,菊沢隆徳,54.2,39.9,25.8,12.7,14.3,14.1,13.1,12.7,
美浦,20261010,美浦,土,カンキチ,,牡,2,菊沢隆徳,66.9,48.6,31.6,15.5,18.3,17.0,16.1,15.5,
美浦,20261006,美浦,火,カンタベリートップ,,牝,2,石栗龍彦,64.8,48.1,31.6,15.3,16.7,16.5,16.3,15.3,
美浦,20261007,美浦,水,カンタベリートップ,,牝,2,石栗龍彦,55.9,40.9,26.1,12.7,15.0,14.8,13.4,12.7,
美浦,20261009,美浦,金,カンタベリートップ,,牝,2,石栗龍彦,69.1,50.4,32.4,15.6,18.7,18.0,16.8,15.6,
栗東,20261007,栗東,水,キタノシャカール,,牡,3,吉田直弘,65.7,47.2,30.5,15.1,18.5,16.7,15.4,15.1,
栗東,20261010,栗東,土,キタノシャカール,,牡,3,吉田直弘,70.9,50.4,32.5,15.8,20.5,17.9,16.7,15.8,
美浦,20261006,美浦,火,キョウエイカンセ,,牡,5,萱野浩二,66.3,48.5,31.8,16.0,17.8,16.7,15.8,16.0,
美浦,20261007,美浦,水,キョウエイカンセ,,牡,5,萱野浩二,62.5,46.3,30.7,15.4,16.2,15.6,15.3,15.4,
美浦,20261010,美浦,土,キョウエイカンセ,,牡,5,萱野浩二,68.8,50.7,33.3,16.7,18.1,17.4,16.6,16.7,
美浦,20261006,美浦,火,キョウエイカンフ,,牡,6,勢司和浩,68.5,51.3,34.6,17.3,17.2,16.7,17.3,17.3,
美浦,20261007,美浦,水,キョウエイカンフ,,牡,6,勢司和浩,64.9,48.4,31.9,16.1,16.5,16.5,15.8,16.1,
美浦,20261010,美浦,土,キョウエイカンフ,,牡,6,勢司和浩,68.2,50.8,33.8,17.2,17.4,17.0,16.6,17.2,
美浦,20261006,美浦,火,キョウエイスレーヴ,,牡,4,萱野浩二,62.5,46.8,31.3,15.9,15.7,15.5,15.4,15.9,
美浦,20261007,美浦,水,キョウエイスレーヴ,,牡,4,萱野浩二,69.7,52.3,34.7,17.6,17.4,17.6,17.1,17.6,
美浦,20261010,美浦,土,キョウエイスレーヴ,,牡,4,萱野浩二,71.2,53.1,35.1,17.3,18.1,18.0,17.8,17.3,
栗東,20261006,栗東,火,ギョニソ,,牝,2,須貝尚介,59.6,43.8,29.0,14.4,15.8,14.8,14.6,14.4,
栗東,20261007,栗東,水,ギョニソ,,牝,2,須貝尚介,54.7,39.0,25.1,12.4,15.7,13.9,12.7,12.4,
栗東,20261009,栗東,金,ギョニソ,,牝,2,須貝尚介,65.2,47.4,30.6,15.4,17.8,16.8,15.2,15.4,
美浦,20261006,美浦,火,ギルデッドグロス,,牡,2,黒岩陽一,61.5,44.7,29.4,14.9,16.8,15.3,14.5,14.9,
美浦,20261009,美浦,金,ギルデッドグロス,,牡,2,黒岩陽一,57.1,41.9,27.9,14.0,15.2,14.0,13.9,14.0,
美浦,20261010,美浦,土,ギルデッドグロス,,牡,2,黒岩陽一,75.6,54.5,34.5,16.3,21.1,20.0,18.2,16.3,
栗東,20261006,栗東,火,キングメーカー,,牡,4,須貝尚介,62.7,45.7,29.9,14.7,17.0,15.8,15.2,14.7,
栗東,20261009,栗東,金,キングメーカー,,牡,4,須貝尚介,65.3,47.1,30.1,14.4,18.2,17.0,15.7,14.4,
栗東,20261010,栗東,土,キングメーカー,,牡,4,須貝尚介,64.5,45.9,29.4,14.3,18.6,16.5,15.1,14.3,
栗東,20261007,栗東,水,クイーンズウォーク,Ｚ,牝,5,中内田充,56.0,39.3,24.7,11.8,16.7,14.6,12.9,11.8,
栗東,20261009,栗東,金,クイーンズウォーク,Ｚ,牝,5,中内田充,65.9,48.0,31.6,15.4,17.9,16.4,16.2,15.4,
美浦,20261006,美浦,火,クインズシフォン,,牝,4,和田正一,65.4,49.3,33.1,16.6,16.1,16.2,16.5,16.6,
美浦,20261007,美浦,水,クインズシフォン,,牝,4,和田正一,54.6,39.8,25.6,12.3,14.8,14.2,13.3,12.3,
美浦,20261006,美浦,火,クインズデネブ,,牝,5,小島茂之,61.2,45.5,30.5,15.5,15.7,15.0,15.0,15.5,
美浦,20261007,美浦,水,クインズデネブ,,牝,5,小島茂之,53.7,40.0,26.4,13.0,13.7,13.6,13.4,13.0,
栗東,20261006,栗東,火,クールデイトナ,,牡,3,宮地貴稔,65.1,48.5,32.2,16.1,16.6,16.3,16.1,16.1,
栗東,20261007,栗東,水,クールデイトナ,,牡,3,宮地貴稔,53.6,39.4,26.0,12.9,14.2,13.4,13.1,12.9,
栗東,20261009,栗東,金,クールデイトナ,,牡,3,宮地貴稔,63.8,47.0,31.1,15.2,16.8,15.9,15.9,15.2,
栗東,20261006,栗東,火,クスクス,,牝,5,松下武士,67.5,48.2,31.4,15.1,19.3,16.8,16.3,15.1,
栗東,20261007,栗東,水,クスクス,,牝,5,松下武士,56.3,40.9,26.2,12.4,15.4,14.7,13.8,12.4,
栗東,20261009,栗東,金,クスクス,,牝,5,松下武士,69.1,50.2,32.9,15.7,18.9,17.3,17.2,15.7,
栗東,20261010,栗東,土,クスクス,,牝,5,松下武士,71.1,50.7,32.5,15.6,20.4,18.2,16.9,15.6,
美浦,20261006,美浦,火,グラスハーティー,,牝,3,松山将樹,63.4,46.7,30.5,15.2,16.7,16.2,15.3,15.2,
美浦,20261007,美浦,水,グラスハーティー,,牝,3,松山将樹,54.6,39.9,26.0,12.6,14.7,13.9,13.4,12.6,
美浦,20261010,美浦,土,グラスハーティー,,牝,3,松山将樹,64.6,47.5,30.6,15.1,17.1,16.9,15.5,15.1,
栗東,20261006,栗東,火,クランフォード,,牝,5,杉山晴紀,68.2,49.8,33.2,16.7,18.4,16.6,16.5,16.7,
栗東,20261007,栗東,水,クランフォード,,牝,5,杉山晴紀,56.0,40.7,26.7,13.0,15.3,14.0,13.7,13.0,
栗東,20261009,栗東,金,クランフォード,,牝,5,杉山晴紀,69.5,51.8,33.6,16.8,17.7,18.2,16.8,16.8,
栗東,20261006,栗東,火,グランモンターナ,,牡,2,井上智史,65.8,48.7,32.0,14.9,17.1,16.7,17.1,14.9,
栗東,20261007,栗東,水,グランモンターナ,,牡,2,井上智史,56.2,40.9,25.7,12.5,15.3,15.2,13.2,12.5,
栗東,20261009,栗東,金,グランモンターナ,,牡,2,井上智史,62.3,44.9,29.6,14.8,17.4,15.3,14.8,14.8,
栗東,20261006,栗東,火,クリュギスト,,牡,3,松下武士,66.8,48.1,30.8,14.9,18.7,17.3,15.9,14.9,
栗東,20261009,栗東,金,クリュギスト,,牡,3,松下武士,66.9,48.7,32.0,15.6,18.2,16.7,16.4,15.6,
栗東,20261010,栗東,土,クリュギスト,,牡,3,松下武士,66.8,48.8,32.1,15.6,18.0,16.7,16.5,15.6,
栗東,20261006,栗東,火,クレセンティア,,牝,2,田中克典,64.9,47.5,31.4,15.7,17.4,16.1,15.7,15.7,
栗東,20261009,栗東,金,クレセンティア,,牝,2,田中克典,65.7,47.9,32.0,16.1,17.8,15.9,15.9,16.1,
栗東,20261010,栗東,土,クレセンティア,,牝,2,田中克典,63.0,46.2,31.1,15.6,16.8,15.1,15.5,15.6,
美浦,20261006,美浦,火,グロリアススマイル,,牡,2,小笠倫弘,63.5,46.6,30.5,15.1,16.9,16.1,15.4,15.1,
美浦,20261009,美浦,金,グロリアススマイル,,牡,2,小笠倫弘,67.0,48.8,32.4,16.3,18.2,16.4,16.1,16.3,
栗東,20261010,栗東,土,グロリアラウス,,セ,5,斉藤崇史,68.6,49.3,31.7,15.3,19.3,17.6,16.4,15.3,
美浦,20261006,美浦,火,ゴールデンオスカー,,牡,5,堀内岳志,69.9,51.1,33.1,16.1,18.8,18.0,17.0,16.1,
美浦,20261009,美浦,金,ゴールデンオスカー,,牡,5,堀内岳志,73.7,53.4,34.1,16.4,20.3,19.3,17.7,16.4,
美浦,20261010,美浦,土,ゴールデンオスカー,,牡,5,堀内岳志,69.2,50.5,32.8,16.2,18.7,17.7,16.6,16.2,
栗東,20261006,栗東,火,ゴールデンスラム,,牡,3,池江泰寿,63.9,45.2,29.2,14.2,18.7,16.0,15.0,14.2,
栗東,20261009,栗東,金,ゴールデンスラム,,牡,3,池江泰寿,64.0,46.8,30.7,15.2,17.2,16.1,15.5,15.2,
栗東,20261010,栗東,土,ゴールデンスラム,,牡,3,池江泰寿,65.1,47.4,30.6,14.6,17.7,16.8,16.0,14.6,
栗東,20261006,栗東,火,ココロヅヨサ,,牡,3,田中克典,64.6,47.4,30.9,15.4,17.2,16.5,15.5,15.4,
栗東,20261009,栗東,金,ココロヅヨサ,,牡,3,田中克典,65.8,47.9,31.4,15.2,17.9,16.5,16.2,15.2,
栗東,20261010,栗東,土,ココロヅヨサ,,牡,3,田中克典,65.7,47.8,31.2,15.2,17.9,16.6,16.0,15.2,
美浦,20261006,美浦,火,コスモシグナス,,牡,2,水野貴広,74.1,53.8,34.9,17.6,20.3,18.9,17.3,17.6,
美浦,20261007,美浦,水,コスモシグナス,,牡,2,水野貴広,70.1,51.2,33.8,17.1,18.9,17.4,16.7,17.1,
美浦,20261009,美浦,金,コスモシグナス,,牡,2,水野貴広,71.2,53.7,35.3,17.1,17.5,18.4,18.2,17.1,
美浦,20261006,美浦,火,コスモデュアリズム,,牡,2,伊藤伸一,69.8,52.3,34.6,17.4,17.5,17.7,17.2,17.4,
美浦,20261007,美浦,水,コスモデュアリズム,,牡,2,伊藤伸一,75.5,54.9,35.3,17.3,20.6,19.6,18.0,17.3,
美浦,20261009,美浦,金,コスモデュアリズム,,牡,2,伊藤伸一,75.0,55.6,36.9,18.7,19.4,18.7,18.2,18.7,
美浦,20261010,美浦,土,コスモデュアリズム,,牡,2,伊藤伸一,74.6,55.1,36.6,19.0,19.5,18.5,17.6,19.0,
栗東,20261009,栗東,金,コパノキャンペーン,Ｃ,牡,2,渡辺薫彦,64.3,47.3,31.5,15.5,17.0,15.8,16.0,15.5,
栗東,20261006,栗東,火,コルヴァス,,牡,3,矢作芳人,61.5,45.4,29.6,14.5,16.1,15.8,15.1,14.5,
栗東,20261007,栗東,水,コルヴァス,,牡,3,矢作芳人,52.6,38.2,25.1,12.6,14.4,13.1,12.5,12.6,
栗東,20261009,栗東,金,コルヴァス,,牡,3,矢作芳人,62.8,46.4,31.5,15.8,16.4,14.9,15.7,15.8,
栗東,20261010,栗東,土,コルヴァス,,牡,3,矢作芳人,68.2,50.5,33.4,16.5,17.7,17.1,16.9,16.5,
栗東,20261006,栗東,火,ゴルトクリーガー,,牡,2,西園翔太,65.5,48.2,31.8,16.0,17.3,16.4,15.8,16.0,
栗東,20261007,栗東,水,ゴルトクリーガー,,牡,2,西園翔太,53.9,39.3,25.1,12.1,14.6,14.2,13.0,12.1,
栗東,20261009,栗東,金,ゴルトクリーガー,,牡,2,西園翔太,65.0,47.9,31.8,16.1,17.1,16.1,15.7,16.1,
栗東,20261010,栗東,土,ゴルトクリーガー,,牡,2,西園翔太,65.1,48.0,31.9,15.8,17.1,16.1,16.1,15.8,
栗東,20261006,栗東,火,サウンドエフォート,,牡,2,安達昭夫,67.6,50.6,33.0,15.9,17.0,17.6,17.1,15.9,
栗東,20261007,栗東,水,サウンドエフォート,,牡,2,安達昭夫,52.2,38.6,25.6,13.4,13.6,13.0,12.2,13.4,
栗東,20261009,栗東,金,サウンドエフォート,,牡,2,安達昭夫,66.7,50.0,33.8,17.5,16.7,16.2,16.3,17.5,
栗東,20261010,栗東,土,サウンドエフォート,,牡,2,安達昭夫,71.5,52.1,34.2,16.8,19.4,17.9,17.4,16.8,
栗東,20261006,栗東,火,サクセスアイ,,牝,6,北出成人,66.3,48.1,31.0,15.2,18.2,17.1,15.8,15.2,
栗東,20261007,栗東,水,サクセスアイ,,牝,6,北出成人,67.9,49.2,31.9,15.6,18.7,17.3,16.3,15.6,
栗東,20261008,栗東,木,サクセスアイ,,牝,6,北出成人,54.0,39.4,25.7,12.6,14.6,13.7,13.1,12.6,
栗東,20261006,栗東,火,サトノセプター,,牡,3,上村洋行,62.5,45.6,29.8,14.9,16.9,15.8,14.9,14.9,
栗東,20261007,栗東,水,サトノセプター,,牡,3,上村洋行,54.4,39.3,25.4,12.8,15.1,13.9,12.6,12.8,
栗東,20261009,栗東,金,サトノセプター,,牡,3,上村洋行,64.5,46.8,30.3,14.9,17.7,16.5,15.4,14.9,
栗東,20261010,栗東,土,サトノセプター,,牡,3,上村洋行,63.5,45.7,29.6,14.7,17.8,16.1,14.9,14.7,
栗東,20261006,栗東,火,サマーマッドネス,Ｍ,牡,3,森秀行,63.0,47.3,31.9,16.1,15.7,15.4,15.8,16.1,
栗東,20261007,栗東,水,サマーマッドネス,Ｍ,牡,3,森秀行,63.0,47.2,32.5,16.5,15.8,14.7,16.0,16.5,
栗東,20261008,栗東,木,サマーマッドネス,Ｍ,牡,3,森秀行,52.5,37.7,24.4,12.2,14.8,13.3,12.2,12.2,
美浦,20261006,美浦,火,サムワンライクユー,,牡,6,佐藤吉勝,68.9,50.2,33.1,16.5,18.7,17.1,16.6,16.5,
美浦,20261007,美浦,水,サムワンライクユー,,牡,6,佐藤吉勝,73.2,52.8,34.0,16.7,20.4,18.8,17.3,16.7,
美浦,20261009,美浦,金,サムワンライクユー,,牡,6,佐藤吉勝,68.7,49.9,32.8,16.5,18.8,17.1,16.3,16.5,
美浦,20261010,美浦,土,サムワンライクユー,,牡,6,佐藤吉勝,68.9,49.5,31.9,15.6,19.4,17.6,16.3,15.6,
栗東,20261007,栗東,水,サラコスティ,,牡,4,池添学,53.5,38.9,25.8,13.0,14.6,13.1,12.8,13.0,
美浦,20261006,美浦,火,サラフィエル,,セ,7,鈴木慎太,61.8,46.0,30.7,15.7,15.8,15.3,15.0,15.7,
美浦,20261009,美浦,金,サラフィエル,,セ,7,鈴木慎太,62.2,46.3,30.6,15.0,15.9,15.7,15.6,15.0,
美浦,20261006,美浦,火,サンクレセント,,牝,2,伊藤圭三,67.1,49.3,32.2,15.9,17.8,17.1,16.3,15.9,
美浦,20261009,美浦,金,サンクレセント,,牝,2,伊藤圭三,65.1,47.5,31.2,15.3,17.6,16.3,15.9,15.3,
美浦,20261010,美浦,土,サンクレセント,,牝,2,伊藤圭三,70.9,51.7,34.3,17.0,19.2,17.4,17.3,17.0,
美浦,20261006,美浦,火,サンドブラスト,,牡,5,鈴木慎太,62.5,46.0,30.5,14.8,16.5,15.5,15.7,14.8,
美浦,20261009,美浦,金,サンドブラスト,,牡,5,鈴木慎太,66.4,48.0,31.1,15.1,18.4,16.9,16.0,15.1,
美浦,20261010,美浦,土,サンドブラスト,,牡,5,鈴木慎太,70.8,52.1,34.0,16.3,18.7,18.1,17.7,16.3,
栗東,20261006,栗東,火,ジーティーキャメル,,牡,2,宮地貴稔,63.8,46.2,30.6,15.3,17.6,15.6,15.3,15.3,
栗東,20261007,栗東,水,ジーティーキャメル,,牡,2,宮地貴稔,54.7,40.4,26.5,13.4,14.3,13.9,13.1,13.4,
栗東,20261010,栗東,土,ジーティーキャメル,,牡,2,宮地貴稔,63.4,46.8,30.7,15.4,16.6,16.1,15.3,15.4,
栗東,20261010,栗東,土,ジーティールーナ,,牝,2,緒方努,63.9,46.1,29.4,14.0,17.8,16.7,15.4,14.0,
美浦,20261006,美浦,火,シェンロン,,牡,3,尾関知人,61.6,45.5,29.9,14.8,16.1,15.6,15.1,14.8,
美浦,20261010,美浦,土,シェンロン,,牡,3,尾関知人,62.2,45.0,29.4,14.2,17.2,15.6,15.2,14.2,
栗東,20261006,栗東,火,シガレス,,牝,2,武幸四郎,65.2,48.1,31.7,14.9,17.1,16.4,16.8,14.9,
栗東,20261007,栗東,水,シガレス,,牝,2,武幸四郎,55.7,40.8,27.5,14.1,14.9,13.3,13.4,14.1,
栗東,20261009,栗東,金,シガレス,,牝,2,武幸四郎,65.0,46.6,29.9,14.3,18.4,16.7,15.6,14.3,
美浦,20261006,美浦,火,ジッピーレーサー,,セ,9,天間昭一,65.9,49.3,32.9,16.5,16.6,16.4,16.4,16.5,
美浦,20261007,美浦,水,ジッピーレーサー,,セ,9,天間昭一,54.1,39.4,25.7,12.6,14.7,13.7,13.1,12.6,
美浦,20261009,美浦,金,ジッピーレーサー,,セ,9,天間昭一,69.9,51.8,34.3,17.1,18.1,17.5,17.2,17.1,
美浦,20261010,美浦,土,ジッピーレーサー,,セ,9,天間昭一,64.3,47.1,31.6,15.8,17.2,15.5,15.8,15.8,
栗東,20261007,栗東,水,シャカニセッポウ,,牡,2,北出成人,67.2,48.0,30.8,15.0,19.2,17.2,15.8,15.0,
栗東,20261008,栗東,木,シャカニセッポウ,,牡,2,北出成人,54.6,39.1,25.0,12.2,15.5,14.1,12.8,12.2,
栗東,20261010,栗東,土,シャカニセッポウ,,牡,2,北出成人,67.2,48.0,31.2,15.3,19.2,16.8,15.9,15.3,
栗東,20261006,栗東,火,ジャスティンダラス,,牡,3,杉山晴紀,65.9,48.4,31.3,15.6,17.5,17.1,15.7,15.6,
栗東,20261007,栗東,水,ジャスティンダラス,,牡,3,杉山晴紀,53.8,39.6,26.0,12.5,14.2,13.6,13.5,12.5,
栗東,20261009,栗東,金,ジャスティンダラス,,牡,3,杉山晴紀,65.8,47.7,30.8,15.0,18.1,16.9,15.8,15.0,
栗東,20261010,栗東,土,ジャスティンダラス,,牡,3,杉山晴紀,65.8,46.8,30.5,14.8,19.0,16.3,15.7,14.8,
栗東,20261006,栗東,火,ジャスティンニース,,牡,2,杉山晴紀,67.9,49.1,32.8,16.0,18.8,16.3,16.8,16.0,
栗東,20261007,栗東,水,ジャスティンニース,,牡,2,杉山晴紀,55.6,40.5,26.5,12.6,15.1,14.0,13.9,12.6,
栗東,20261010,栗東,土,ジャスティンニース,,牡,2,杉山晴紀,70.2,49.8,31.3,16.2,20.4,18.5,15.1,16.2,
栗東,20261006,栗東,火,ジャスティンルマン,,牡,3,杉山晴紀,65.9,47.0,30.5,14.8,18.9,16.5,15.7,14.8,
栗東,20261007,栗東,水,ジャスティンルマン,,牡,3,杉山晴紀,53.9,38.8,24.8,12.1,15.1,14.0,12.7,12.1,
栗東,20261009,栗東,金,ジャスティンルマン,,牡,3,杉山晴紀,62.5,45.3,29.7,14.5,17.2,15.6,15.2,14.5,
美浦,20261006,美浦,火,ジャックナダル,,牡,3,伊坂重信,65.8,48.0,31.1,15.3,17.8,16.9,15.8,15.3,
美浦,20261007,美浦,水,ジャックナダル,,牡,3,伊坂重信,52.7,38.8,25.4,12.4,13.9,13.4,13.0,12.4,
美浦,20261007,美浦,水,シャパリュ,,セ,5,菊沢隆徳,52.9,38.6,25.1,12.5,14.3,13.5,12.6,12.5,
美浦,20261006,美浦,火,シャンパンマーク,,セ,5,蛯名正義,64.8,48.1,31.4,15.4,16.7,16.7,16.0,15.4,
美浦,20261009,美浦,金,シャンパンマーク,,セ,5,蛯名正義,64.6,48.0,31.5,15.3,16.6,16.5,16.2,15.3,
美浦,20261010,美浦,土,シャンパンマーク,,セ,5,蛯名正義,61.5,46.7,31.1,15.4,14.8,15.6,15.7,15.4,
栗東,20261006,栗東,火,シュラザック,,牡,4,大根田裕,65.5,47.9,31.3,15.6,17.6,16.6,15.7,15.6,
栗東,20261007,栗東,水,シュラザック,,牡,4,大根田裕,52.8,38.2,24.7,12.5,14.6,13.5,12.2,12.5,
栗東,20261009,栗東,金,シュラザック,,牡,4,大根田裕,62.5,46.9,31.5,16.1,15.6,15.4,15.4,16.1,
栗東,20261010,栗東,土,シュラザック,,牡,4,大根田裕,67.6,49.4,32.0,15.7,18.2,17.4,16.3,15.7,
美浦,20261006,美浦,火,ジョスラン,Ｃ,牝,4,鹿戸雄一,62.8,46.7,30.4,14.5,16.1,16.3,15.9,14.5,
美浦,20261009,美浦,金,ジョスラン,Ｃ,牝,4,鹿戸雄一,62.7,45.9,30.2,14.6,16.8,15.7,15.6,14.6,
栗東,20261006,栗東,火,シルクウォード,,牡,2,庄野靖志,65.6,47.7,30.9,15.1,17.9,16.8,15.8,15.1,
栗東,20261007,栗東,水,シルクウォード,,牡,2,庄野靖志,55.4,40.1,25.9,12.9,15.3,14.2,13.0,12.9,
栗東,20261009,栗東,金,シルクウォード,,牡,2,庄野靖志,63.3,46.3,30.1,14.9,17.0,16.2,15.2,14.9,
栗東,20261010,栗東,土,シルクウォード,,牡,2,庄野靖志,67.7,49.3,32.2,15.9,18.4,17.1,16.3,15.9,
栗東,20261006,栗東,火,スイートモンブラン,,牝,2,松下武士,66.6,48.5,31.6,15.2,18.1,16.9,16.4,15.2,
栗東,20261007,栗東,水,スイートモンブラン,,牝,2,松下武士,54.7,39.5,25.8,13.0,15.2,13.7,12.8,13.0,
栗東,20261009,栗東,金,スイートモンブラン,,牝,2,松下武士,68.1,49.7,32.4,16.1,18.4,17.3,16.3,16.1,
栗東,20261010,栗東,土,スイートモンブラン,,牝,2,松下武士,65.9,48.4,31.4,15.4,17.5,17.0,16.0,15.4,
栗東,20261007,栗東,水,スーサンアッシャー,,牡,7,鈴木孝志,52.3,37.6,24.8,12.6,14.7,12.8,12.2,12.6,
美浦,20261006,美浦,火,スードランダム,,牝,2,伊坂重信,65.4,48.0,31.3,15.3,17.4,16.7,16.0,15.3,
美浦,20261009,美浦,金,スードランダム,,牝,2,伊坂重信,66.4,48.7,31.2,15.1,17.7,17.5,16.1,15.1,
美浦,20261010,美浦,土,スードランダム,,牝,2,伊坂重信,73.7,54.1,35.3,17.6,19.6,18.8,17.7,17.6,
美浦,20261006,美浦,火,スタートレイン,Ｃ,牝,3,黒岩陽一,60.0,44.4,29.4,14.6,15.6,15.0,14.8,14.6,
栗東,20261009,栗東,金,ステアハート,,牝,4,新谷功一,59.2,42.8,27.4,13.1,16.4,15.4,14.3,13.1,
栗東,20261006,栗東,火,スティルラブハー,,牡,2,杉山佳明,65.4,47.6,31.2,15.7,17.8,16.4,15.5,15.7,
栗東,20261007,栗東,水,スティルラブハー,,牡,2,杉山佳明,56.1,40.5,26.0,12.9,15.6,14.5,13.1,12.9,
美浦,20261006,美浦,火,ステラガーネット,,牝,2,栗田徹,62.7,46.0,30.6,15.5,16.7,15.4,15.1,15.5,
栗東,20261006,栗東,火,ストラテージュ,,牡,4,荒川義之,65.2,47.8,31.2,14.7,17.4,16.6,16.5,14.7,
栗東,20261007,栗東,水,ストラテージュ,,牡,4,荒川義之,56.5,40.6,26.0,12.8,15.9,14.6,13.2,12.8,
栗東,20261009,栗東,金,ストラテージュ,,牡,4,荒川義之,60.3,43.6,28.2,14.1,16.7,15.4,14.1,14.1,
栗東,20261010,栗東,土,ストラテージュ,,牡,4,荒川義之,62.5,45.2,29.4,14.4,17.3,15.8,15.0,14.4,
栗東,20261006,栗東,火,ズバットマサムネ,,セ,5,杉山佳明,66.0,49.1,32.6,16.3,16.9,16.5,16.3,16.3,
栗東,20261007,栗東,水,ズバットマサムネ,,セ,5,杉山佳明,56.0,40.6,26.0,12.8,15.4,14.6,13.2,12.8,
栗東,20261009,栗東,金,ズバットマサムネ,,セ,5,杉山佳明,65.3,48.5,31.3,14.9,16.8,17.2,16.4,14.9,
美浦,20261007,美浦,水,スペイドアン,,牡,5,加藤士津,53.0,38.6,26.0,13.5,14.4,12.6,12.5,13.5,
美浦,20261008,美浦,木,セイウンウェルス,,牡,2,伊藤大士,69.5,51.3,33.8,16.6,18.2,17.5,17.2,16.6,
美浦,20261009,美浦,金,セイウンウェルス,,牡,2,伊藤大士,64.9,48.5,32.2,15.8,16.4,16.3,16.4,15.8,
美浦,20261010,美浦,土,セイウンウェルス,,牡,2,伊藤大士,63.0,46.9,31.2,15.6,16.1,15.7,15.6,15.6,
栗東,20261006,栗東,火,セールヴォラン,,牡,5,北出成人,65.8,48.5,32.0,15.6,17.3,16.5,16.4,15.6,
栗東,20261007,栗東,水,セールヴォラン,,牡,5,北出成人,68.1,49.8,32.4,15.6,18.3,17.4,16.8,15.6,
栗東,20261008,栗東,木,セールヴォラン,,牡,5,北出成人,52.4,38.8,25.7,12.9,13.6,13.1,12.8,12.9,
栗東,20261010,栗東,土,セールヴォラン,,牡,5,北出成人,64.1,47.0,30.9,15.0,17.1,16.1,15.9,15.0,
美浦,20261006,美浦,火,セギレエルビエント,,牝,4,伊坂重信,65.2,47.8,31.6,15.9,17.4,16.2,15.7,15.9,
栗東,20261007,栗東,水,ゼットレジーナ,,牝,5,吉田直弘,67.9,49.2,31.9,15.3,18.7,17.3,16.6,15.3,
栗東,20261010,栗東,土,ゼットレジーナ,,牝,5,吉田直弘,72.3,52.5,34.7,17.0,19.8,17.8,17.7,17.0,
栗東,20261006,栗東,火,セルヴァンス,,セ,4,小椋研介,63.3,46.8,31.6,15.3,16.5,15.2,16.3,15.3,
栗東,20261007,栗東,水,セルヴァンス,,セ,4,小椋研介,51.9,38.3,25.3,12.7,13.6,13.0,12.6,12.7,
栗東,20261009,栗東,金,セルヴァンス,,セ,4,小椋研介,63.3,46.7,31.6,15.1,16.6,15.1,16.5,15.1,
栗東,20261006,栗東,火,ソウカイファンキー,,牡,2,杉山佳明,66.5,48.2,30.3,14.9,18.3,17.9,15.4,14.9,
栗東,20261007,栗東,水,ソウカイファンキー,,牡,2,杉山佳明,56.8,41.0,26.6,12.5,15.8,14.4,14.1,12.5,
美浦,20261006,美浦,火,ソニックライン,,セ,5,浅利英明,63.6,47.1,30.6,14.9,16.5,16.5,15.7,14.9,
美浦,20261007,美浦,水,ソニックライン,,セ,5,浅利英明,63.8,46.9,31.0,15.0,16.9,15.9,16.0,15.0,
美浦,20261010,美浦,土,ソニックライン,,セ,5,浅利英明,65.2,47.8,31.1,15.3,17.4,16.7,15.8,15.3,
美浦,20261006,美浦,火,ソルフィーナ,,牝,2,上原佑紀,64.1,47.7,31.0,15.4,16.4,16.7,15.6,15.4,
美浦,20261009,美浦,金,ソルフィーナ,,牝,2,上原佑紀,63.0,46.5,30.3,15.2,16.5,16.2,15.1,15.2,
美浦,20261010,美浦,土,ソルフィーナ,,牝,2,上原佑紀,62.4,46.1,30.2,14.9,16.3,15.9,15.3,14.9,
栗東,20261006,栗東,火,ダークマルス,,セ,3,杉山晴紀,65.4,47.7,30.8,14.9,17.7,16.9,15.9,14.9,
栗東,20261007,栗東,水,ダークマルス,,セ,3,杉山晴紀,54.7,40.1,26.0,12.2,14.6,14.1,13.8,12.2,
栗東,20261009,栗東,金,ダークマルス,,セ,3,杉山晴紀,67.3,49.4,32.3,15.7,17.9,17.1,16.6,15.7,
栗東,20261010,栗東,土,ダークマルス,,セ,3,杉山晴紀,66.8,48.7,31.8,15.4,18.1,16.9,16.4,15.4,
美浦,20261006,美浦,火,タイセイソアリング,,牡,2,池上昌和,66.3,48.9,31.6,15.5,17.4,17.3,16.1,15.5,
美浦,20261009,美浦,金,タイセイソアリング,,牡,2,池上昌和,66.4,48.6,32.0,15.9,17.8,16.6,16.1,15.9,
栗東,20261006,栗東,火,タイセイディアマン,,牡,4,大橋勇樹,68.5,51.2,33.4,16.4,17.3,17.8,17.0,16.4,
栗東,20261007,栗東,水,タイセイディアマン,,牡,4,大橋勇樹,56.0,40.7,26.1,12.7,15.3,14.6,13.4,12.7,
栗東,20261009,栗東,金,タイセイディアマン,,牡,4,大橋勇樹,68.9,51.1,33.7,16.8,17.8,17.4,16.9,16.8,
栗東,20261006,栗東,火,ダイチノナポリ,,牝,3,畑端省吾,65.3,47.4,31.1,15.1,17.9,16.3,16.0,15.1,
栗東,20261007,栗東,水,ダイチノナポリ,,牝,3,畑端省吾,67.3,47.8,30.3,14.5,19.5,17.5,15.8,14.5,
栗東,20261008,栗東,木,ダイチノナポリ,,牝,3,畑端省吾,57.2,39.8,24.4,12.3,17.4,15.4,12.1,12.3,
栗東,20261010,栗東,土,ダイチノナポリ,,牝,3,畑端省吾,72.9,53.2,34.0,15.9,19.7,19.2,18.1,15.9,
栗東,20261006,栗東,火,タイムレスキス,,牝,3,吉村圭司,66.6,48.2,31.2,15.4,18.4,17.0,15.8,15.4,
栗東,20261007,栗東,水,タイムレスキス,,牝,3,吉村圭司,54.1,39.1,25.1,12.5,15.0,14.0,12.6,12.5,
栗東,20261009,栗東,金,タイムレスキス,,牝,3,吉村圭司,66.9,48.8,31.4,15.2,18.1,17.4,16.2,15.2,
栗東,20261010,栗東,土,タイムレスキス,,牝,3,吉村圭司,66.2,48.7,31.5,15.6,17.5,17.2,15.9,15.6,
栗東,20261006,栗東,火,ダイメイクマモト,,牡,3,秋山真一,62.4,47.2,32.1,16.2,15.2,15.1,15.9,16.2,
栗東,20261009,栗東,金,ダイメイクマモト,,牡,3,秋山真一,65.3,48.2,32.1,16.1,17.1,16.1,16.0,16.1,
栗東,20261010,栗東,土,ダイメイクマモト,,牡,3,秋山真一,68.2,51.0,34.1,17.1,17.2,16.9,17.0,17.1,
栗東,20261006,栗東,火,タカスタカスタカス,,牡,3,藤原英昭,62.6,46.1,30.7,15.6,16.5,15.4,15.1,15.6,
栗東,20261007,栗東,水,タカスタカスタカス,,牡,3,藤原英昭,55.6,40.3,25.5,12.5,15.3,14.8,13.0,12.5,
栗東,20261010,栗東,土,タカスタカスタカス,,牡,3,藤原英昭,70.0,51.0,33.2,16.3,19.0,17.8,16.9,16.3,
栗東,20261006,栗東,火,タガノバビロン,,牡,4,西園翔太,63.9,47.1,31.1,15.6,16.8,16.0,15.5,15.6,
栗東,20261007,栗東,水,タガノバビロン,,牡,4,西園翔太,55.0,40.1,25.8,12.8,14.9,14.3,13.0,12.8,
栗東,20261009,栗東,金,タガノバビロン,,牡,4,西園翔太,64.3,46.8,30.4,15.7,17.5,16.4,14.7,15.7,
栗東,20261010,栗東,土,タガノバビロン,,牡,4,西園翔太,68.6,49.8,32.3,15.6,18.8,17.5,16.7,15.6,
栗東,20261006,栗東,火,タガノレクシア,,牡,2,鈴木孝志,66.4,48.5,31.8,15.7,17.9,16.7,16.1,15.7,
栗東,20261007,栗東,水,タガノレクシア,,牡,2,鈴木孝志,54.1,39.4,25.7,12.8,14.7,13.7,12.9,12.8,
栗東,20261010,栗東,土,タガノレクシア,,牡,2,鈴木孝志,66.7,48.4,31.6,15.3,18.3,16.8,16.3,15.3,
美浦,20261006,美浦,火,タケルムサシ,,牡,3,斎藤誠,65.6,48.2,31.6,15.6,17.4,16.6,16.0,15.6,
美浦,20261006,美浦,火,タケルムサシ,,牡,3,斎藤誠,63.5,47.3,31.0,15.3,16.2,16.3,15.7,15.3,
美浦,20261007,美浦,水,タケルムサシ,,牡,3,斎藤誠,66.4,49.4,32.6,16.2,17.0,16.8,16.4,16.2,
美浦,20261007,美浦,水,タケルムサシ,,牡,3,斎藤誠,52.8,38.7,25.1,12.4,14.1,13.6,12.7,12.4,
美浦,20261009,美浦,金,タケルムサシ,,牡,3,斎藤誠,66.2,48.4,31.7,15.8,17.8,16.7,15.9,15.8,
美浦,20261009,美浦,金,タケルムサシ,,牡,3,斎藤誠,63.7,47.0,31.6,15.8,16.7,15.4,15.8,15.8,
美浦,20261010,美浦,土,タケルムサシ,,牡,3,斎藤誠,67.8,49.7,32.7,16.1,18.1,17.0,16.6,16.1,
栗東,20261006,栗東,火,ダノンプリマ,,牝,4,千田輝彦,67.1,48.5,31.6,15.5,18.6,16.9,16.1,15.5,
栗東,20261010,栗東,土,ダノンプリマ,,牝,4,千田輝彦,66.4,49.0,31.4,15.6,17.4,17.6,15.8,15.6,
栗東,20261006,栗東,火,チェルビアット,,牝,4,高野友和,66.5,48.7,32.3,16.3,17.8,16.4,16.0,16.3,
栗東,20261007,栗東,水,チェルビアット,,牝,4,高野友和,72.2,52.6,34.6,16.9,19.6,18.0,17.7,16.9,
栗東,20261007,栗東,水,チェルビアット,,牝,4,高野友和,55.6,40.2,25.6,12.1,15.4,14.6,13.5,12.1,
栗東,20261009,栗東,金,チェルビアット,,牝,4,高野友和,67.0,48.6,32.4,16.3,18.4,16.2,16.1,16.3,
美浦,20261006,美浦,火,チャームドール,,牝,2,小手川準,66.9,49.9,32.7,16.6,17.0,17.2,16.1,16.6,
栗東,20261007,栗東,水,チョウサクラ,,牝,2,羽月友彦,65.0,47.9,31.1,15.2,17.1,16.8,15.9,15.2,
栗東,20261008,栗東,木,チョウサクラ,,牝,2,羽月友彦,54.6,40.0,26.3,13.4,14.6,13.7,12.9,13.4,
栗東,20261010,栗東,土,チョウサクラ,,牝,2,羽月友彦,65.4,47.6,31.1,15.3,17.8,16.5,15.8,15.3,
栗東,20261006,栗東,火,ツーエムブレード,,牡,2,東田明士,65.0,47.0,30.7,15.2,18.0,16.3,15.5,15.2,
栗東,20261007,栗東,水,ツーエムブレード,,牡,2,東田明士,54.9,39.7,26.0,12.8,15.2,13.7,13.2,12.8,
栗東,20261009,栗東,金,ツーエムブレード,,牡,2,東田明士,65.9,47.3,31.2,15.6,18.6,16.1,15.6,15.6,
栗東,20261010,栗東,土,ツーエムブレード,,牡,2,東田明士,73.7,52.4,34.2,17.1,21.3,18.2,17.1,17.1,
美浦,20261010,美浦,土,ツルマウカタチ,,牡,5,手塚貴久,65.4,48.8,32.1,15.4,16.6,16.7,16.7,15.4,
栗東,20261007,栗東,水,ディヴァンパーレ,,牝,2,小栗実,55.3,39.8,25.5,12.8,15.5,14.3,12.7,12.8,
美浦,20261006,美浦,火,テイクユアタイム,,牡,2,中川公成,63.9,47.2,31.7,15.9,16.7,15.5,15.8,15.9,
美浦,20261009,美浦,金,テイクユアタイム,,牡,2,中川公成,63.7,47.0,31.5,16.2,16.7,15.5,15.3,16.2,
美浦,20261006,美浦,火,ティピティーナ,,牝,4,林徹,58.9,44.0,29.0,14.4,14.9,15.0,14.6,14.4,
美浦,20261009,美浦,金,ティピティーナ,,牝,4,林徹,64.5,47.1,31.7,16.3,17.4,15.4,15.4,16.3,
美浦,20261010,美浦,土,ティピティーナ,,牝,4,林徹,66.8,48.9,31.9,16.0,17.9,17.0,15.9,16.0,
栗東,20261006,栗東,火,テーオーローズ,,牝,2,岡田稲男,62.1,45.3,29.9,14.8,16.8,15.4,15.1,14.8,
栗東,20261007,栗東,水,テーオーローズ,,牝,2,岡田稲男,53.7,39.4,26.1,13.3,14.3,13.3,12.8,13.3,
栗東,20261009,栗東,金,テーオーローズ,,牝,2,岡田稲男,64.3,47.0,30.9,15.4,17.3,16.1,15.5,15.4,
美浦,20261006,美浦,火,テールエメール,,牡,2,池上昌和,64.1,47.7,31.9,16.1,16.4,15.8,15.8,16.1,
美浦,20261009,美浦,金,テールエメール,,牡,2,池上昌和,65.8,47.4,30.3,15.0,18.4,17.1,15.3,15.0,
栗東,20261006,栗東,火,テムバンヴァン,,牝,2,畑端省吾,68.6,51.1,34.5,17.0,17.5,16.6,17.5,17.0,
栗東,20261007,栗東,水,テムバンヴァン,,牝,2,畑端省吾,67.2,49.8,32.8,16.2,17.4,17.0,16.6,16.2,
栗東,20261006,栗東,火,テムルーラー,,牡,2,宮地貴稔,64.3,47.2,30.8,15.1,17.1,16.4,15.7,15.1,
栗東,20261007,栗東,水,テムルーラー,,牡,2,宮地貴稔,54.7,40.3,26.5,13.4,14.4,13.8,13.1,13.4,
栗東,20261010,栗東,土,テムルーラー,,牡,2,宮地貴稔,65.0,47.2,30.6,15.3,17.8,16.6,15.3,15.3,
栗東,20261006,栗東,火,テリオスベラ,,牝,2,松下武士,66.1,47.5,30.6,14.9,18.6,16.9,15.7,14.9,
栗東,20261007,栗東,水,テリオスベラ,,牝,2,松下武士,56.9,41.3,25.9,12.5,15.6,15.4,13.4,12.5,
栗東,20261009,栗東,金,テリオスベラ,,牝,2,松下武士,63.7,45.9,29.5,14.0,17.8,16.4,15.5,14.0,
栗東,20261010,栗東,土,テリオスベラ,,牝,2,松下武士,70.6,51.2,32.5,15.6,19.4,18.7,16.9,15.6,
美浦,20261006,美浦,火,テンハートビート,,牝,3,西田雄一,65.2,48.8,32.1,15.5,16.4,16.7,16.6,15.5,
美浦,20261009,美浦,金,テンハートビート,,牝,3,西田雄一,65.7,48.2,32.0,16.0,17.5,16.2,16.0,16.0,
美浦,20261010,美浦,土,テンハートビート,,牝,3,西田雄一,64.8,47.8,31.5,15.5,17.0,16.3,16.0,15.5,
美浦,20261006,美浦,火,テンユメノオーロラ,,牝,2,平岩大典,65.1,48.2,31.8,15.9,16.9,16.4,15.9,15.9,
美浦,20261010,美浦,土,テンユメノオーロラ,,牝,2,平岩大典,65.9,47.5,30.4,15.0,18.4,17.1,15.4,15.0,
栗東,20261010,栗東,土,トゥデイイズザデイ,Ｃ,牡,7,池江泰寿,64.4,46.8,29.9,14.4,17.6,16.9,15.5,14.4,
栗東,20261006,栗東,火,ドーギッド,,牝,4,矢作芳人,62.5,46.1,30.3,15.3,16.4,15.8,15.0,15.3,
栗東,20261007,栗東,水,ドーギッド,,牝,4,矢作芳人,52.6,38.1,25.1,12.6,14.5,13.0,12.5,12.6,
栗東,20261009,栗東,金,ドーギッド,,牝,4,矢作芳人,64.9,47.2,31.1,15.3,17.7,16.1,15.8,15.3,
栗東,20261010,栗東,土,ドーギッド,,牝,4,矢作芳人,65.8,47.7,31.0,15.1,18.1,16.7,15.9,15.1,
美浦,20261006,美浦,火,ドッグズノーズ,,牡,2,浅利英明,70.1,51.0,32.9,16.6,19.1,18.1,16.3,16.6,
美浦,20261007,美浦,水,ドッグズノーズ,,牡,2,浅利英明,66.2,48.0,31.5,15.3,18.2,16.5,16.2,15.3,
美浦,20261008,美浦,木,ドッグズノーズ,,牡,2,浅利英明,54.0,39.0,25.8,12.9,15.0,13.2,12.9,12.9,
美浦,20261010,美浦,土,ドッグズノーズ,,牡,2,浅利英明,63.7,47.1,30.5,15.0,16.6,16.6,15.5,15.0,
栗東,20261006,栗東,火,ドナズエクリプス,,牡,2,清水久詞,67.8,49.0,32.1,15.9,18.8,16.9,16.2,15.9,
美浦,20261006,美浦,火,ドナフェリーチェ,,牝,2,柄崎将寿,64.9,47.7,31.0,14.8,17.2,16.7,16.2,14.8,
美浦,20261009,美浦,金,ドナフェリーチェ,,牝,2,柄崎将寿,66.1,49.0,32.1,16.2,17.1,16.9,15.9,16.2,
美浦,20261010,美浦,土,ドナフェリーチェ,,牝,2,柄崎将寿,68.9,50.7,33.2,16.3,18.2,17.5,16.9,16.3,
栗東,20261006,栗東,火,トミーバローズ,,牡,3,清水久詞,71.0,51.8,34.0,16.9,19.2,17.8,17.1,16.9,
栗東,20261007,栗東,水,トミーバローズ,,牡,3,清水久詞,56.9,40.6,26.6,13.2,16.3,14.0,13.4,13.2,
栗東,20261009,栗東,金,トミーバローズ,,牡,3,清水久詞,66.1,48.4,32.2,16.4,17.7,16.2,15.8,16.4,
美浦,20261006,美浦,火,トラストフィスティ,,牝,2,高木登,70.5,52.0,33.1,16.5,18.5,18.9,16.6,16.5,
美浦,20261007,美浦,水,トラストフィスティ,,牝,2,高木登,70.8,52.5,33.9,17.2,18.3,18.6,16.7,17.2,
美浦,20261009,美浦,金,トラストフィスティ,,牝,2,高木登,71.0,52.0,33.2,16.1,19.0,18.8,17.1,16.1,
美浦,20261010,美浦,土,トラストフィスティ,,牝,2,高木登,71.3,52.5,33.9,16.5,18.8,18.6,17.4,16.5,
美浦,20261006,美浦,火,トラストボス,,牡,5,高橋文雅,66.7,49.4,32.3,16.2,17.3,17.1,16.1,16.2,
美浦,20261007,美浦,水,トラストボス,,牡,5,高橋文雅,68.2,50.1,32.7,16.4,18.1,17.4,16.3,16.4,
美浦,20261007,美浦,水,トラストボス,,牡,5,高橋文雅,53.5,38.6,25.5,12.8,14.9,13.1,12.7,12.8,
美浦,20261009,美浦,金,トラストボス,,牡,5,高橋文雅,68.7,50.5,33.1,16.4,18.2,17.4,16.7,16.4,
美浦,20261010,美浦,土,トラストボス,,牡,5,高橋文雅,69.2,50.7,33.2,16.5,18.5,17.5,16.7,16.5,
栗東,20261006,栗東,火,トリオハピネス,,牡,2,佐藤悠太,66.6,48.9,32.1,15.7,17.7,16.8,16.4,15.7,
栗東,20261010,栗東,土,トリオハピネス,,牡,2,佐藤悠太,62.9,46.2,30.4,15.1,16.7,15.8,15.3,15.1,
美浦,20261006,美浦,火,ドルンレースツェン,,牝,4,矢嶋大樹,69.0,51.4,34.0,16.7,17.6,17.4,17.3,16.7,
美浦,20261009,美浦,金,ドルンレースツェン,,牝,4,矢嶋大樹,62.2,45.4,29.6,14.4,16.8,15.8,15.2,14.4,
美浦,20261006,美浦,火,ドントゥザムーン,,牡,4,高木登,70.2,51.5,34.2,17.3,18.7,17.3,16.9,17.3,
美浦,20261007,美浦,水,ドントゥザムーン,,牡,4,高木登,69.6,51.6,34.6,17.5,18.0,17.0,17.1,17.5,
栗東,20261006,栗東,火,ナムラモモタロー,,牡,2,羽月友彦,60.3,43.8,28.6,14.1,16.5,15.2,14.5,14.1,
栗東,20261007,栗東,水,ナムラモモタロー,,牡,2,羽月友彦,53.9,39.0,25.1,12.3,14.9,13.9,12.8,12.3,
栗東,20261009,栗東,金,ナムラモモタロー,,牡,2,羽月友彦,65.8,48.0,31.2,15.0,17.8,16.8,16.2,15.0,
栗東,20261010,栗東,土,ナムラモモタロー,,牡,2,羽月友彦,63.8,47.6,32.0,16.2,16.2,15.6,15.8,16.2,
美浦,20261006,美浦,火,ニースケンス,,牡,2,小島茂之,60.6,44.5,29.3,14.9,16.1,15.2,14.4,14.9,
美浦,20261006,美浦,火,ニーナラルゴ,,牝,2,上原博之,66.3,48.5,31.5,15.3,17.8,17.0,16.2,15.3,
美浦,20261009,美浦,金,ニーナラルゴ,,牝,2,上原博之,71.2,51.0,32.2,16.1,20.2,18.8,16.1,16.1,
美浦,20261010,美浦,土,ニーナラルゴ,,牝,2,上原博之,67.5,49.8,32.4,15.9,17.7,17.4,16.5,15.9,
栗東,20261006,栗東,火,ニシノイツキムスメ,,牝,4,北出成人,65.1,46.7,29.9,14.6,18.4,16.8,15.3,14.6,
栗東,20261007,栗東,水,ニシノイツキムスメ,,牝,4,北出成人,65.7,47.4,31.3,15.5,18.3,16.1,15.8,15.5,
栗東,20261008,栗東,木,ニシノイツキムスメ,,牝,4,北出成人,54.4,39.4,25.3,12.2,15.0,14.1,13.1,12.2,
栗東,20261010,栗東,土,ニシノイツキムスメ,,牝,4,北出成人,66.6,48.0,31.2,15.5,18.6,16.8,15.7,15.5,
美浦,20261006,美浦,火,ニシノティアモ,,牝,5,上原佑紀,65.3,48.1,31.3,15.6,17.2,16.8,15.7,15.6,
美浦,20261007,美浦,水,ニシノティアモ,,牝,5,上原佑紀,63.2,46.5,31.0,15.2,16.7,15.5,15.8,15.2,
美浦,20261010,美浦,土,ニシノティアモ,,牝,5,上原佑紀,63.4,46.7,30.8,15.2,16.7,15.9,15.6,15.2,
美浦,20261007,美浦,水,ニシノブレイゼスト,,牡,4,高木登,68.2,50.4,33.2,16.9,17.8,17.2,16.3,16.9,
美浦,20261009,美浦,金,ニシノブレイゼスト,,牡,4,高木登,70.5,51.3,33.6,16.8,19.2,17.7,16.8,16.8,
美浦,20261006,美浦,火,ノアスペシャル,,牝,5,鈴木慎太,66.6,48.4,31.0,14.7,18.2,17.4,16.3,14.7,
美浦,20261007,美浦,水,ノアスペシャル,,牝,5,鈴木慎太,55.1,40.0,25.7,12.5,15.1,14.3,13.2,12.5,
美浦,20261009,美浦,金,ノアスペシャル,,牝,5,鈴木慎太,71.2,53.4,35.5,17.7,17.8,17.9,17.8,17.7,
栗東,20261006,栗東,火,ノーブルヴィジョン,,牝,2,今野貞一,69.0,50.9,33.7,17.0,18.1,17.2,16.7,17.0,
栗東,20261010,栗東,土,ノーブルヴィジョン,,牝,2,今野貞一,65.8,48.0,30.9,15.1,17.8,17.1,15.8,15.1,
栗東,20261009,栗東,金,パーヴォ,,牡,3,吉田直弘,69.3,49.3,32.0,15.7,20.0,17.3,16.3,15.7,
栗東,20261006,栗東,火,パーセンタイル,,牡,2,前川恭子,64.1,45.5,29.8,15.1,18.6,15.7,14.7,15.1,
美浦,20261008,美浦,木,ハイランドウインド,,牡,2,杉浦宏昭,54.7,39.6,25.3,12.5,15.1,14.3,12.8,12.5,
栗東,20261007,栗東,水,ハイロード,,牡,3,浜田多実,54.7,40.1,25.8,12.4,14.6,14.3,13.4,12.4,
栗東,20261009,栗東,金,ハイロード,,牡,3,浜田多実,69.7,51.3,34.1,17.1,18.4,17.2,17.0,17.1,
栗東,20261010,栗東,土,ハイロード,,牡,3,浜田多実,73.2,52.8,34.5,17.3,20.4,18.3,17.2,17.3,
栗東,20261006,栗東,火,ハギノアルデバラン,,牡,6,佐藤悠太,63.2,45.7,29.6,14.6,17.5,16.1,15.0,14.6,
栗東,20261010,栗東,土,ハギノアルデバラン,,牡,6,佐藤悠太,64.7,47.2,31.0,15.2,17.5,16.2,15.8,15.2,
栗東,20261006,栗東,火,ハギノコラソン,Ｃ,牝,4,寺島良,64.6,47.3,30.7,15.2,17.3,16.6,15.5,15.2,
栗東,20261010,栗東,土,ハギノコラソン,Ｃ,牝,4,寺島良,59.4,43.9,29.1,14.4,15.5,14.8,14.7,14.4,
栗東,20261006,栗東,火,パシアンジャン,,牡,5,鈴木孝志,64.6,47.8,31.8,15.9,16.8,16.0,15.9,15.9,
栗東,20261007,栗東,水,パシアンジャン,,牡,5,鈴木孝志,54.5,39.9,26.2,13.4,14.6,13.7,12.8,13.4,
栗東,20261010,栗東,土,パシアンジャン,,牡,5,鈴木孝志,67.3,48.9,32.0,15.7,18.4,16.9,16.3,15.7,
栗東,20261006,栗東,火,バスタードサフラン,,牝,5,渡辺薫彦,65.2,48.2,31.0,14.9,17.0,17.2,16.1,14.9,
栗東,20261007,栗東,水,バスタードサフラン,,牝,5,渡辺薫彦,52.8,38.6,24.5,12.2,14.2,14.1,12.3,12.2,
栗東,20261009,栗東,金,バスタードサフラン,,牝,5,渡辺薫彦,64.9,48.5,32.0,15.5,16.4,16.5,16.5,15.5,
美浦,20261007,美浦,水,パッションディーバ,,牝,4,武藤善則,54.5,39.4,25.0,11.9,15.1,14.4,13.1,11.9,
美浦,20261006,美浦,火,パッションノーヴァ,,牡,2,武藤善則,65.2,47.0,31.2,15.7,18.2,15.8,15.5,15.7,
美浦,20261007,美浦,水,パッションノーヴァ,,牡,2,武藤善則,64.2,46.6,30.1,14.9,17.6,16.5,15.2,14.9,
美浦,20261010,美浦,土,パッションノーヴァ,,牡,2,武藤善則,65.0,47.0,30.6,15.0,18.0,16.4,15.6,15.0,
栗東,20261006,栗東,火,バッハアルプゼー,,牡,4,橋口慎介,64.9,48.2,31.2,15.9,16.7,17.0,15.3,15.9,
栗東,20261009,栗東,金,バッハアルプゼー,,牡,4,橋口慎介,63.2,46.8,30.9,16.1,16.4,15.9,14.8,16.1,
栗東,20261010,栗東,土,バッハアルプゼー,,牡,4,橋口慎介,64.1,47.7,30.8,15.3,16.4,16.9,15.5,15.3,
栗東,20261006,栗東,火,ハナウマビーチ,,牡,4,西園翔太,64.9,47.3,30.9,15.6,17.6,16.4,15.3,15.6,
栗東,20261007,栗東,水,ハナウマビーチ,,牡,4,西園翔太,55.0,40.1,25.7,12.7,14.9,14.4,13.0,12.7,
栗東,20261009,栗東,金,ハナウマビーチ,,牡,4,西園翔太,65.4,48.4,32.2,16.2,17.0,16.2,16.0,16.2,
栗東,20261010,栗東,土,ハナウマビーチ,,牡,4,西園翔太,67.6,49.2,32.7,16.5,18.4,16.5,16.2,16.5,
美浦,20261006,美浦,火,ハナコ,,牝,2,嘉藤貴行,65.3,48.1,31.8,15.5,17.2,16.3,16.3,15.5,
美浦,20261009,美浦,金,ハナコ,,牝,2,嘉藤貴行,69.3,50.7,32.7,15.8,18.6,18.0,16.9,15.8,
美浦,20261010,美浦,土,ハナコ,,牝,2,嘉藤貴行,66.2,49.1,32.5,16.0,17.1,16.6,16.5,16.0,
栗東,20261007,栗東,水,ハナナ,,牝,2,矢作芳人,53.1,39.0,26.0,13.2,14.1,13.0,12.8,13.2,
栗東,20261009,栗東,金,ハヤブサカツオー,,牡,2,岡田稲男,64.2,47.6,31.8,16.2,16.6,15.8,15.6,16.2,
栗東,20261006,栗東,火,ハワイアンティアレ,,牝,5,松永幹夫,66.0,48.5,31.5,15.4,17.5,17.0,16.1,15.4,
栗東,20261009,栗東,金,ハワイアンティアレ,,牝,5,松永幹夫,62.8,45.5,29.1,14.0,17.3,16.4,15.1,14.0,
美浦,20261006,美浦,火,ハントクス,,牝,2,辻哲英,70.2,49.8,31.3,14.8,20.4,18.5,16.5,14.8,
美浦,20261006,美浦,火,ピースヒロフェイス,,牝,5,牧光二,66.7,49.4,32.7,16.3,17.3,16.7,16.4,16.3,
美浦,20261007,美浦,水,ピースヒロフェイス,,牝,5,牧光二,64.8,49.1,32.6,16.6,15.7,16.5,16.0,16.6,
美浦,20261006,美浦,火,ピコテンダー,,牝,4,上原佑紀,65.7,48.9,31.7,15.2,16.8,17.2,16.5,15.2,
美浦,20261007,美浦,水,ピコテンダー,,牝,4,上原佑紀,63.2,47.1,31.1,15.2,16.1,16.0,15.9,15.2,
美浦,20261010,美浦,土,ピコテンダー,,牝,4,上原佑紀,63.8,46.7,31.1,15.1,17.1,15.6,16.0,15.1,
美浦,20261006,美浦,火,ビップルーチェ,,牝,2,田島俊明,69.2,50.8,33.1,16.8,18.4,17.7,16.3,16.8,
美浦,20261007,美浦,水,ビップルーチェ,,牝,2,田島俊明,54.9,40.6,26.1,12.6,14.3,14.5,13.5,12.6,
美浦,20261009,美浦,金,ビップルーチェ,,牝,2,田島俊明,70.2,50.9,32.9,16.1,19.3,18.0,16.8,16.1,
栗東,20261006,栗東,火,ヒメハッカ,,牝,2,寺島良,59.4,43.1,27.9,13.5,16.3,15.2,14.4,13.5,
美浦,20261006,美浦,火,フィールザウィル,,牝,2,伊藤大士,62.6,46.4,31.2,15.8,16.2,15.2,15.4,15.8,
美浦,20261010,美浦,土,フィールザウィル,,牝,2,伊藤大士,63.8,47.3,30.9,15.4,16.5,16.4,15.5,15.4,
栗東,20261007,栗東,水,プウスカンドゥール,,牝,6,坂口智康,54.7,40.3,26.3,13.2,14.4,14.0,13.1,13.2,
栗東,20261009,栗東,金,プウスカンドゥール,,牝,6,坂口智康,65.1,47.4,30.9,15.3,17.7,16.5,15.6,15.3,
栗東,20261010,栗東,土,プウスカンドゥール,,牝,6,坂口智康,65.8,48.6,32.1,15.8,17.2,16.5,16.3,15.8,
美浦,20261006,美浦,火,フウセツ,,牡,4,鈴木慎太,66.2,48.2,31.1,15.1,18.0,17.1,16.0,15.1,
美浦,20261009,美浦,金,フウセツ,,牡,4,鈴木慎太,66.7,48.7,31.7,15.6,18.0,17.0,16.1,15.6,
美浦,20261010,美浦,土,フウセツ,,牡,4,鈴木慎太,71.1,52.5,34.4,16.6,18.6,18.1,17.8,16.6,
栗東,20261006,栗東,火,フェアリーライク,,牝,4,笹田和秀,62.3,45.3,29.3,14.6,17.0,16.0,14.7,14.6,
栗東,20261007,栗東,水,フェアリーライク,,牝,4,笹田和秀,52.4,38.8,25.4,12.4,13.6,13.4,13.0,12.4,
栗東,20261006,栗東,火,フェアリーライズ,,牝,3,秋山真一,66.7,48.3,31.5,15.8,18.4,16.8,15.7,15.8,
栗東,20261007,栗東,水,フェアリーライズ,,牝,3,秋山真一,57.1,40.9,26.6,13.0,16.2,14.3,13.6,13.0,
栗東,20261009,栗東,金,フェアリーライズ,,牝,3,秋山真一,64.6,47.8,32.0,15.6,16.8,15.8,16.4,15.6,
栗東,20261010,栗東,土,フェアリーライズ,,牝,3,秋山真一,67.5,49.4,32.8,16.8,18.1,16.6,16.0,16.8,
美浦,20261006,美浦,火,フジガイフウ,,牡,3,岩戸孝樹,68.6,50.0,32.1,15.8,18.6,17.9,16.3,15.8,
美浦,20261010,美浦,土,フジガイフウ,,牡,3,岩戸孝樹,68.0,49.9,33.1,16.4,18.1,16.8,16.7,16.4,
美浦,20261006,美浦,火,フミサウンド,,牡,6,鹿戸雄一,60.5,44.8,29.2,14.4,15.7,15.6,14.8,14.4,
美浦,20261009,美浦,金,フミサウンド,,牡,6,鹿戸雄一,62.5,45.2,30.4,15.4,17.3,14.8,15.0,15.4,
美浦,20261006,美浦,火,フュルスティン,,牝,3,加藤士津,64.7,48.1,31.7,15.5,16.6,16.4,16.2,15.5,
美浦,20261007,美浦,水,フュルスティン,,牝,3,加藤士津,54.9,40.7,26.1,12.6,14.2,14.6,13.5,12.6,
美浦,20261010,美浦,土,フュルスティン,,牝,3,加藤士津,73.7,52.1,33.6,16.0,21.6,18.5,17.6,16.0,
栗東,20261006,栗東,火,ブラックレジェンド,,牡,3,寺島良,65.1,48.6,31.6,15.4,16.5,17.0,16.2,15.4,
栗東,20261010,栗東,土,ブラックレジェンド,,牡,3,寺島良,66.1,49.0,32.1,15.8,17.1,16.9,16.3,15.8,
栗東,20261006,栗東,火,プラトーローザ,,牝,2,羽月友彦,64.7,47.4,30.7,14.6,17.3,16.7,16.1,14.6,
栗東,20261007,栗東,水,プラトーローザ,,牝,2,羽月友彦,61.6,44.7,29.5,14.5,16.9,15.2,15.0,14.5,
栗東,20261010,栗東,土,プラトーローザ,,牝,2,羽月友彦,62.8,46.6,30.7,15.3,16.2,15.9,15.4,15.3,
美浦,20261006,美浦,火,プリプリプリン,,牝,3,伊藤圭三,66.3,48.8,31.4,14.8,17.5,17.4,16.6,14.8,
美浦,20261007,美浦,水,プリプリプリン,,牝,3,伊藤圭三,54.8,39.7,25.1,12.4,15.1,14.6,12.7,12.4,
美浦,20261009,美浦,金,プリプリプリン,,牝,3,伊藤圭三,65.8,48.2,31.8,15.4,17.6,16.4,16.4,15.4,
美浦,20261010,美浦,土,プリプリプリン,,牝,3,伊藤圭三,66.6,47.9,31.1,15.3,18.7,16.8,15.8,15.3,
栗東,20261007,栗東,水,ブルーサン,,牡,5,宮地貴稔,55.3,40.3,26.1,12.9,15.0,14.2,13.2,12.9,
栗東,20261006,栗東,火,ブルーストレイル,,牡,5,荒川義之,63.0,45.8,30.5,15.3,17.2,15.3,15.2,15.3,
栗東,20261007,栗東,水,ブルーストレイル,,牡,5,荒川義之,54.5,39.6,26.1,13.6,14.9,13.5,12.5,13.6,
栗東,20261009,栗東,金,ブルーストレイル,,牡,5,荒川義之,65.0,47.4,31.8,15.6,17.6,15.6,16.2,15.6,
栗東,20261010,栗東,土,ブルーストレイル,,牡,5,荒川義之,70.2,50.2,32.7,15.8,20.0,17.5,16.9,15.8,
美浦,20261006,美浦,火,ブルーミーティア,,牡,3,鈴木伸尋,65.5,47.6,30.9,15.7,17.9,16.7,15.2,15.7,
美浦,20261009,美浦,金,ブルーミーティア,,牡,3,鈴木伸尋,66.7,49.0,31.7,15.7,17.7,17.3,16.0,15.7,
美浦,20261010,美浦,土,ブルーミーティア,,牡,3,鈴木伸尋,68.2,49.6,32.2,15.8,18.6,17.4,16.4,15.8,
栗東,20261006,栗東,火,ブルーミングローズ,,牝,4,高野友和,70.2,51.4,33.3,16.2,18.8,18.1,17.1,16.2,
栗東,20261007,栗東,水,ブルーミングローズ,,牝,4,高野友和,73.8,54.1,34.6,16.6,19.7,19.5,18.0,16.6,
栗東,20261007,栗東,水,ブルーミングローズ,,牝,4,高野友和,54.8,39.7,25.7,12.4,15.1,14.0,13.3,12.4,
栗東,20261009,栗東,金,ブルーミングローズ,,牝,4,高野友和,66.2,47.8,31.3,15.5,18.4,16.5,15.8,15.5,
美浦,20261006,美浦,火,ブルームコード,,牝,3,小島茂之,57.5,41.9,27.8,13.9,15.6,14.1,13.9,13.9,
栗東,20261006,栗東,火,ブレイジングスター,,牡,4,高橋康之,67.4,48.5,31.4,15.4,18.9,17.1,16.0,15.4,
栗東,20261007,栗東,水,ブレイジングスター,,牡,4,高橋康之,55.6,39.7,25.5,12.5,15.9,14.2,13.0,12.5,
栗東,20261009,栗東,金,ブレイジングスター,,牡,4,高橋康之,66.2,48.2,31.5,15.5,18.0,16.7,16.0,15.5,
栗東,20261010,栗東,土,ブレイジングスター,,牡,4,高橋康之,67.1,48.1,31.5,15.5,19.0,16.6,16.0,15.5,
栗東,20261006,栗東,火,フレンズプラス,,牝,3,宮本博,63.4,45.3,29.3,14.3,18.1,16.0,15.0,14.3,
栗東,20261007,栗東,水,フレンズプラス,,牝,3,宮本博,53.7,38.6,24.8,12.3,15.1,13.8,12.5,12.3,
栗東,20261010,栗東,土,フレンズプラス,,牝,3,宮本博,61.1,44.0,28.8,13.9,17.1,15.2,14.9,13.9,
美浦,20261006,美浦,火,ベアフラッシュ,,牝,2,千葉直人,72.0,52.3,33.8,16.6,19.7,18.5,17.2,16.6,
美浦,20261009,美浦,金,ベアフラッシュ,,牝,2,千葉直人,70.2,51.5,33.7,16.7,18.7,17.8,17.0,16.7,
美浦,20261010,美浦,土,ベアフラッシュ,,牝,2,千葉直人,68.5,49.3,31.9,15.4,19.2,17.4,16.5,15.4,
栗東,20261006,栗東,火,ペイシャシス,,牝,3,加藤公太,65.4,48.0,32.2,15.9,17.4,15.8,16.3,15.9,
栗東,20261006,栗東,火,ペイシャモノノフ,,牡,6,畑端省吾,66.4,50.1,33.2,16.5,16.3,16.9,16.7,16.5,
栗東,20261006,栗東,火,ペイシャモノノフ,,牡,6,畑端省吾,63.9,47.5,31.0,15.7,16.4,16.5,15.3,15.7,
栗東,20261007,栗東,水,ペイシャモノノフ,,牡,6,畑端省吾,55.8,40.8,25.6,12.5,15.0,15.2,13.1,12.5,
栗東,20261009,栗東,金,ペイシャモノノフ,,牡,6,畑端省吾,66.8,49.6,33.6,17.1,17.2,16.0,16.5,17.1,
栗東,20261009,栗東,金,ペイシャモノノフ,,牡,6,畑端省吾,65.1,48.7,32.0,16.3,16.4,16.7,15.7,16.3,
栗東,20261010,栗東,土,ペイシャモノノフ,,牡,6,畑端省吾,63.0,46.9,30.9,14.9,16.1,16.0,16.0,14.9,
美浦,20261006,美浦,火,ペネトレイトゴー,,セ,6,戸田博文,65.5,46.2,29.5,14.7,19.3,16.7,14.8,14.7,
美浦,20261007,美浦,水,ペネトレイトゴー,,セ,6,戸田博文,73.2,52.6,33.5,16.4,20.6,19.1,17.1,16.4,
美浦,20261009,美浦,金,ペネトレイトゴー,,セ,6,戸田博文,68.5,48.5,30.7,14.8,20.0,17.8,15.9,14.8,
美浦,20261010,美浦,土,ペネトレイトゴー,,セ,6,戸田博文,71.0,51.2,33.2,16.7,19.8,18.0,16.5,16.7,
栗東,20261006,栗東,火,ペプチドカトレア,,牝,2,小椋研介,62.9,47.1,30.7,15.6,15.8,16.4,15.1,15.6,
栗東,20261007,栗東,水,ペプチドカトレア,,牝,2,小椋研介,65.4,47.2,30.8,15.4,18.2,16.4,15.4,15.4,
栗東,20261008,栗東,木,ペプチドカトレア,,牝,2,小椋研介,56.5,41.1,26.0,12.6,15.4,15.1,13.4,12.6,
栗東,20261006,栗東,火,ベルウェザー,,牡,5,茶木太樹,65.0,47.7,31.3,15.5,17.3,16.4,15.8,15.5,
栗東,20261009,栗東,金,ベルウェザー,,牡,5,茶木太樹,66.1,48.5,31.9,15.7,17.6,16.6,16.2,15.7,
栗東,20261010,栗東,土,ベルウェザー,,牡,5,茶木太樹,65.6,48.2,31.7,15.4,17.4,16.5,16.3,15.4,
美浦,20261006,美浦,火,ベルグラース,,牝,2,浅利英明,63.1,46.2,29.9,14.5,16.9,16.3,15.4,14.5,
美浦,20261010,美浦,土,ベルグラース,,牝,2,浅利英明,66.4,49.3,33.3,16.5,17.1,16.0,16.8,16.5,
美浦,20261006,美浦,火,ベルビースタローン,,牝,4,戸田博文,69.0,50.1,32.1,15.9,18.9,18.0,16.2,15.9,
美浦,20261007,美浦,水,ベルビースタローン,,牝,4,戸田博文,83.4,60.2,39.1,19.1,23.2,21.1,20.0,19.1,
美浦,20261007,美浦,水,ベルビースタローン,,牝,4,戸田博文,69.4,50.6,33.2,16.4,18.8,17.4,16.8,16.4,
美浦,20261008,美浦,木,ベルビースタローン,,牝,4,戸田博文,83.5,60.7,39.7,19.7,22.8,21.0,20.0,19.7,
美浦,20261010,美浦,土,ベルビースタローン,,牝,4,戸田博文,71.3,51.8,34.0,16.4,19.5,17.8,17.6,16.4,
栗東,20261006,栗東,火,ベルメサイア,,牝,5,西村真幸,66.0,47.7,31.4,15.3,18.3,16.3,16.1,15.3,
栗東,20261007,栗東,水,ベルメサイア,,牝,5,西村真幸,54.5,38.9,24.9,12.2,15.6,14.0,12.7,12.2,
栗東,20261006,栗東,火,ペンテリコン,,牝,4,武幸四郎,65.1,46.7,30.4,15.1,18.4,16.3,15.3,15.1,
栗東,20261007,栗東,水,ペンテリコン,,牝,4,武幸四郎,54.6,39.0,24.5,12.0,15.6,14.5,12.5,12.0,
栗東,20261009,栗東,金,ペンテリコン,,牝,4,武幸四郎,66.3,47.3,29.9,14.2,19.0,17.4,15.7,14.2,
美浦,20261007,美浦,水,ホールノート,,牝,2,尾関知人,55.0,40.1,26.1,12.6,14.9,14.0,13.5,12.6,
美浦,20261006,美浦,火,ポッドクロス,,牡,3,大竹正博,64.8,47.6,30.6,14.6,17.2,17.0,16.0,14.6,
美浦,20261007,美浦,水,ポッドクロス,,牡,3,大竹正博,54.2,39.7,25.7,12.4,14.5,14.0,13.3,12.4,
美浦,20261009,美浦,金,ポッドクロス,,牡,3,大竹正博,65.3,48.5,30.8,14.9,16.8,17.7,15.9,14.9,
栗東,20261006,栗東,火,ポペット,,牝,3,高橋康之,64.2,47.3,31.1,15.1,16.9,16.2,16.0,15.1,
栗東,20261007,栗東,水,ポペット,,牝,3,高橋康之,54.3,38.5,24.7,12.4,15.8,13.8,12.3,12.4,
栗東,20261009,栗東,金,ポペット,,牝,3,高橋康之,62.5,45.8,30.4,14.9,16.7,15.4,15.5,14.9,
栗東,20261006,栗東,火,ボワノワール,,牝,2,井上智史,65.5,47.8,31.0,15.2,17.7,16.8,15.8,15.2,
栗東,20261007,栗東,水,ボワノワール,,牝,2,井上智史,65.8,47.1,30.4,14.8,18.7,16.7,15.6,14.8,
栗東,20261008,栗東,木,ボワノワール,,牝,2,井上智史,55.0,39.4,25.2,12.7,15.6,14.2,12.5,12.7,
栗東,20261006,栗東,火,ボンボンベイビー,,牡,3,矢作芳人,63.7,47.1,31.1,15.7,16.6,16.0,15.4,15.7,
栗東,20261009,栗東,金,ボンボンベイビー,,牡,3,矢作芳人,61.9,45.4,29.7,14.9,16.5,15.7,14.8,14.9,
栗東,20261006,栗東,火,マイエスタ,,牝,2,中村直也,69.2,50.7,33.7,16.8,18.5,17.0,16.9,16.8,
栗東,20261007,栗東,水,マイエスタ,,牝,2,中村直也,52.9,38.3,24.7,12.3,14.6,13.6,12.4,12.3,
栗東,20261009,栗東,金,マイエスタ,,牝,2,中村直也,63.7,46.4,30.4,14.7,17.3,16.0,15.7,14.7,
栗東,20261010,栗東,土,マイエスタ,,牝,2,中村直也,66.2,49.2,32.2,15.9,17.0,17.0,16.3,15.9,
美浦,20261006,美浦,火,マイオーラ,,牡,2,松尾卓哉,64.5,46.2,29.6,14.5,18.3,16.6,15.1,14.5,
美浦,20261006,美浦,火,マイネルアウルム,,牡,4,伊藤伸一,68.0,50.3,32.6,15.8,17.7,17.7,16.8,15.8,
美浦,20261007,美浦,水,マイネルアウルム,,牡,4,伊藤伸一,69.8,51.9,33.8,16.4,17.9,18.1,17.4,16.4,
美浦,20261009,美浦,金,マイネルアウルム,,牡,4,伊藤伸一,69.1,50.5,32.4,15.4,18.6,18.1,17.0,15.4,
美浦,20261010,美浦,土,マイネルアウルム,,牡,4,伊藤伸一,69.3,50.4,32.2,15.7,18.9,18.2,16.5,15.7,
美浦,20261006,美浦,火,マイネルシードル,,牡,2,和田正一,61.7,45.9,30.6,15.0,15.8,15.3,15.6,15.0,
美浦,20261007,美浦,水,マイネルシードル,,牡,2,和田正一,56.1,41.7,27.1,13.2,14.4,14.6,13.9,13.2,
美浦,20261006,美浦,火,マイネルヘルリッヒ,,牡,2,清水英克,68.8,50.8,33.8,16.8,18.0,17.0,17.0,16.8,
美浦,20261007,美浦,水,マイネルヘルリッヒ,,牡,2,清水英克,70.6,52.3,35.0,17.8,18.3,17.3,17.2,17.8,
美浦,20261009,美浦,金,マイネルヘルリッヒ,,牡,2,清水英克,71.7,52.6,34.7,17.4,19.1,17.9,17.3,17.4,
美浦,20261007,美浦,水,マイネルユンフェン,,牡,2,伊藤大士,66.4,49.3,32.6,16.2,17.1,16.7,16.4,16.2,
美浦,20261008,美浦,木,マイネルユンフェン,,牡,2,伊藤大士,53.9,39.6,26.2,12.8,14.3,13.4,13.4,12.8,
美浦,20261010,美浦,土,マイネルユンフェン,,牡,2,伊藤大士,62.9,46.6,30.8,15.0,16.3,15.8,15.8,15.0,
栗東,20261006,栗東,火,マイリトルヒーロー,,牡,3,高橋康之,65.9,48.7,32.4,16.0,17.2,16.3,16.4,16.0,
栗東,20261009,栗東,金,マイリトルヒーロー,,牡,3,高橋康之,64.5,47.2,31.0,15.2,17.3,16.2,15.8,15.2,
栗東,20261010,栗東,土,マイリトルヒーロー,,牡,3,高橋康之,66.4,48.4,31.8,15.5,18.0,16.6,16.3,15.5,
美浦,20261006,美浦,火,マウンテンジョオー,,牝,2,西田雄一,64.4,47.7,31.9,15.8,16.7,15.8,16.1,15.8,
栗東,20261007,栗東,水,マクノス,,牝,3,鈴木孝志,65.4,47.4,30.8,15.4,18.0,16.6,15.4,15.4,
栗東,20261008,栗東,木,マクノス,,牝,3,鈴木孝志,65.8,47.6,30.0,14.4,18.2,17.6,15.6,14.4,
栗東,20261010,栗東,土,マクノス,,牝,3,鈴木孝志,65.3,47.8,31.0,15.2,17.5,16.8,15.8,15.2,
栗東,20261006,栗東,火,マゲバスピード,,牡,3,藤原英昭,63.5,46.7,30.3,14.6,16.8,16.4,15.7,14.6,
栗東,20261007,栗東,水,マゲバスピード,,牡,3,藤原英昭,59.9,43.6,28.2,13.6,16.3,15.4,14.6,13.6,
栗東,20261008,栗東,木,マゲバスピード,,牡,3,藤原英昭,54.7,39.2,24.6,11.9,15.5,14.6,12.7,11.9,
美浦,20261006,美浦,火,マサノユニコーン,,牡,4,小島茂之,62.0,45.9,30.3,15.3,16.1,15.6,15.0,15.3,
栗東,20261006,栗東,火,マトラコーニッシュ,,牝,4,池添学,64.0,46.1,30.0,15.1,17.9,16.1,14.9,15.1,
栗東,20261007,栗東,水,マトラコーニッシュ,,牝,4,池添学,54.1,39.5,25.8,12.5,14.6,13.7,13.3,12.5,
栗東,20261010,栗東,土,マトラコーニッシュ,,牝,4,池添学,66.6,48.5,32.0,15.8,18.1,16.5,16.2,15.8,
栗東,20261006,栗東,火,マリオロード,,牡,7,安達昭夫,65.5,48.3,32.4,15.6,17.2,15.9,16.8,15.6,
栗東,20261007,栗東,水,マリオロード,,牡,7,安達昭夫,54.5,40.5,26.6,13.3,14.0,13.9,13.3,13.3,
栗東,20261009,栗東,金,マリオロード,,牡,7,安達昭夫,66.8,48.9,32.5,15.4,17.9,16.4,17.1,15.4,
栗東,20261010,栗東,土,マリオロード,,牡,7,安達昭夫,71.5,52.6,34.5,16.0,18.9,18.1,18.5,16.0,
美浦,20261010,美浦,土,マリブオレンジ,,牝,4,戸田博文,73.0,53.5,34.9,16.7,19.5,18.6,18.2,16.7,
美浦,20261006,美浦,火,ミアネーロ,,牝,5,林徹,59.7,44.5,29.2,14.7,15.2,15.3,14.5,14.7,
美浦,20261009,美浦,金,ミアネーロ,,牝,5,林徹,62.1,45.9,30.3,14.9,16.2,15.6,15.4,14.9,
美浦,20261010,美浦,土,ミアネーロ,,牝,5,林徹,66.7,49.6,33.1,15.7,17.1,16.5,17.4,15.7,
栗東,20261006,栗東,火,ミッキークレスト,,牡,5,大久保龍,61.1,44.7,29.4,14.7,16.4,15.3,14.7,14.7,
栗東,20261007,栗東,水,ミッキークレスト,,牡,5,大久保龍,60.4,45.0,30.0,15.1,15.4,15.0,14.9,15.1,
栗東,20261008,栗東,木,ミッキークレスト,,牡,5,大久保龍,52.3,38.4,25.2,12.8,13.9,13.2,12.4,12.8,
栗東,20261006,栗東,火,ミッキーコンドル,,牡,4,大久保龍,63.6,45.8,30.0,14.7,17.8,15.8,15.3,14.7,
栗東,20261007,栗東,水,ミッキーコンドル,,牡,4,大久保龍,53.2,38.2,24.7,12.2,15.0,13.5,12.5,12.2,
栗東,20261007,栗東,水,ミッキージュエリー,Ｚ,牝,4,中内田充,53.9,38.7,24.7,11.9,15.2,14.0,12.8,11.9,
栗東,20261009,栗東,金,ミッキージュエリー,Ｚ,牝,4,中内田充,62.2,44.8,28.9,14.2,17.4,15.9,14.7,14.2,
栗東,20261006,栗東,火,ミヤジオズ,,牡,3,鈴木孝志,67.6,49.5,32.4,15.9,18.1,17.1,16.5,15.9,
栗東,20261007,栗東,水,ミヤジオズ,,牡,3,鈴木孝志,54.5,40.0,26.3,12.9,14.5,13.7,13.4,12.9,
栗東,20261010,栗東,土,ミヤジオズ,,牡,3,鈴木孝志,66.4,49.1,32.0,15.7,17.3,17.1,16.3,15.7,
美浦,20261006,美浦,火,ミュークチェルシー,,牝,4,稲垣幸雄,62.0,46.9,31.4,15.7,15.1,15.5,15.7,15.7,
美浦,20261006,美浦,火,ミラビリスマジック,,牝,5,千葉直人,69.1,50.6,33.2,16.4,18.5,17.4,16.8,16.4,
美浦,20261007,美浦,水,ミラビリスマジック,,牝,5,千葉直人,64.8,48.1,31.5,15.4,16.7,16.6,16.1,15.4,
美浦,20261010,美浦,土,ミラビリスマジック,,牝,5,千葉直人,63.2,46.0,30.8,15.2,17.2,15.2,15.6,15.2,
美浦,20261006,美浦,火,ミラマルニ,,牝,2,伊藤圭三,66.3,48.7,31.8,15.8,17.6,16.9,16.0,15.8,
美浦,20261007,美浦,水,ミラマルニ,,牝,2,伊藤圭三,54.4,39.9,25.4,12.1,14.5,14.5,13.3,12.1,
美浦,20261009,美浦,金,ミラマルニ,,牝,2,伊藤圭三,65.9,47.8,31.5,15.5,18.1,16.3,16.0,15.5,
美浦,20261010,美浦,土,ミラマルニ,,牝,2,伊藤圭三,65.9,47.3,31.2,16.0,18.6,16.1,15.2,16.0,
栗東,20261006,栗東,火,ムイ,,牝,4,笹田和秀,60.9,45.3,29.4,14.8,15.6,15.9,14.6,14.8,
栗東,20261007,栗東,水,ムイ,,牝,4,笹田和秀,53.9,39.2,25.5,12.5,14.7,13.7,13.0,12.5,
栗東,20261006,栗東,火,ムーランオランジュ,,牡,3,小崎憲,63.4,45.8,29.8,14.7,17.6,16.0,15.1,14.7,
栗東,20261007,栗東,水,ムーランオランジュ,,牡,3,小崎憲,57.4,40.6,25.5,12.1,16.8,15.1,13.4,12.1,
栗東,20261009,栗東,金,ムーランオランジュ,,牡,3,小崎憲,63.6,46.5,31.6,16.6,17.1,14.9,15.0,16.6,
栗東,20261007,栗東,水,メイショウオグマ,,セ,7,安達昭夫,55.3,39.9,25.6,12.5,15.4,14.3,13.1,12.5,
栗東,20261006,栗東,火,メイショウタムシバ,,牝,5,飯田祐史,67.0,49.4,32.7,16.5,17.6,16.7,16.2,16.5,
栗東,20261007,栗東,水,メイショウタムシバ,,牝,5,飯田祐史,55.3,39.5,25.1,12.2,15.8,14.4,12.9,12.2,
栗東,20261006,栗東,火,メイショウトウコウ,,牡,3,石橋守,65.5,47.7,31.2,15.3,17.8,16.5,15.9,15.3,
栗東,20261007,栗東,水,メイショウトウコウ,,牡,3,石橋守,52.3,38.6,25.5,13.0,13.7,13.1,12.5,13.0,
栗東,20261009,栗東,金,メイショウトウコウ,,牡,3,石橋守,66.4,49.4,32.5,16.2,17.0,16.9,16.3,16.2,
栗東,20261010,栗東,土,メイショウトウコウ,,牡,3,石橋守,67.6,49.7,32.8,16.5,17.9,16.9,16.3,16.5,
栗東,20261006,栗東,火,メイショウドライブ,,牝,4,鈴木孝志,64.4,46.9,31.2,15.9,17.5,15.7,15.3,15.9,
栗東,20261006,栗東,火,メイショウノゾミ,,牝,2,本田優,70.7,52.4,35.0,17.2,18.3,17.4,17.8,17.2,
栗東,20261010,栗東,土,メイショウノゾミ,,牝,2,本田優,72.6,53.6,35.8,18.0,19.0,17.8,17.8,18.0,
栗東,20261006,栗東,火,メイショウバルク,,牡,3,安達昭夫,66.7,48.8,31.8,15.7,17.9,17.0,16.1,15.7,
栗東,20261007,栗東,水,メイショウバルク,,牡,3,安達昭夫,67.3,48.9,31.9,16.0,18.4,17.0,15.9,16.0,
栗東,20261008,栗東,木,メイショウバルク,,牡,3,安達昭夫,53.9,38.1,24.7,12.2,15.8,13.4,12.5,12.2,
栗東,20261010,栗東,土,メイショウバルク,,牡,3,安達昭夫,69.3,50.1,32.0,15.4,19.2,18.1,16.6,15.4,
美浦,20261006,美浦,火,メヌフォーコン,,牝,2,千葉直人,74.5,53.7,34.8,17.2,20.8,18.9,17.6,17.2,
美浦,20261009,美浦,金,メヌフォーコン,,牝,2,千葉直人,66.6,49.1,32.3,16.2,17.5,16.8,16.1,16.2,
美浦,20261010,美浦,土,メヌフォーコン,,牝,2,千葉直人,70.5,51.3,33.2,16.5,19.2,18.1,16.7,16.5,
栗東,20261006,栗東,火,メネルブ,,牝,2,中尾秀正,67.2,49.4,33.1,16.4,17.8,16.3,16.7,16.4,
栗東,20261007,栗東,水,メネルブ,,牝,2,中尾秀正,63.5,46.6,30.7,15.5,16.9,15.9,15.2,15.5,
栗東,20261008,栗東,木,メネルブ,,牝,2,中尾秀正,53.2,38.8,25.4,12.8,14.4,13.4,12.6,12.8,
栗東,20261006,栗東,火,メルカントゥール,,牡,3,杉山晴紀,64.3,46.8,30.6,15.0,17.5,16.2,15.6,15.0,
栗東,20261007,栗東,水,メルカントゥール,,牡,3,杉山晴紀,54.6,39.8,26.1,12.8,14.8,13.7,13.3,12.8,
栗東,20261009,栗東,金,メルカントゥール,,牡,3,杉山晴紀,64.6,47.1,30.6,14.9,17.5,16.5,15.7,14.9,
栗東,20261010,栗東,土,メルカントゥール,,牡,3,杉山晴紀,69.0,49.9,32.2,15.9,19.1,17.7,16.3,15.9,
栗東,20261006,栗東,火,モックモック,Ｃ,牡,6,寺島良,63.1,46.9,30.5,14.8,16.2,16.4,15.7,14.8,
栗東,20261010,栗東,土,モックモック,Ｃ,牡,6,寺島良,67.0,49.4,31.9,15.7,17.6,17.5,16.2,15.7,
美浦,20261006,美浦,火,モナークスヴァラー,,牡,2,牧光二,63.1,46.8,31.1,15.3,16.3,15.7,15.8,15.3,
美浦,20261007,美浦,水,モナークスヴァラー,,牡,2,牧光二,55.2,39.9,26.1,13.0,15.3,13.8,13.1,13.0,
美浦,20261009,美浦,金,モナークスヴァラー,,牡,2,牧光二,65.9,48.3,31.6,15.3,17.6,16.7,16.3,15.3,
美浦,20261010,美浦,土,モナークスヴァラー,,牡,2,牧光二,65.5,49.1,32.0,15.7,16.4,17.1,16.3,15.7,
栗東,20261006,栗東,火,ヤマトデュノール,,牡,2,安達昭夫,66.7,50.4,34.3,17.6,16.3,16.1,16.7,17.6,
栗東,20261007,栗東,水,ヤマトデュノール,,牡,2,安達昭夫,65.0,47.9,31.1,15.6,17.1,16.8,15.5,15.6,
栗東,20261008,栗東,木,ヤマトデュノール,,牡,2,安達昭夫,55.9,40.0,26.0,13.0,15.9,14.0,13.0,13.0,
栗東,20261010,栗東,土,ヤマトデュノール,,牡,2,安達昭夫,68.4,50.9,34.4,17.6,17.5,16.5,16.8,17.6,
美浦,20261006,美浦,火,ヤマトリンカーン,,牡,2,伊藤圭三,65.7,47.7,30.9,15.3,18.0,16.8,15.6,15.3,
美浦,20261007,美浦,水,ヤマトリンカーン,,牡,2,伊藤圭三,53.4,38.2,24.8,12.3,15.2,13.4,12.5,12.3,
美浦,20261009,美浦,金,ヤマトリンカーン,,牡,2,伊藤圭三,66.5,48.8,31.3,15.2,17.7,17.5,16.1,15.2,
美浦,20261010,美浦,土,ヤマトリンカーン,,牡,2,伊藤圭三,66.9,48.5,31.2,15.2,18.4,17.3,16.0,15.2,
栗東,20261006,栗東,火,ヤマニンアストロン,,牡,5,石橋守,64.2,48.1,31.8,15.9,16.1,16.3,15.9,15.9,
栗東,20261007,栗東,水,ヤマニンアストロン,,牡,5,石橋守,54.4,40.6,26.2,12.3,13.8,14.4,13.9,12.3,
栗東,20261009,栗東,金,ヤマニンアストロン,,牡,5,石橋守,68.0,50.2,33.0,16.2,17.8,17.2,16.8,16.2,
美浦,20261006,美浦,火,ユイノゲリラゴウウ,,牡,2,深山雅史,64.6,47.7,32.3,16.7,16.9,15.4,15.6,16.7,
栗東,20261006,栗東,火,ユイパルティ,,牝,2,平田修,58.5,43.2,29.0,15.1,15.3,14.2,13.9,15.1,
栗東,20261007,栗東,水,ユイパルティ,,牝,2,平田修,53.7,39.9,26.9,13.9,13.8,13.0,13.0,13.9,
栗東,20261009,栗東,金,ユイパルティ,,牝,2,平田修,61.1,45.0,29.3,14.5,16.1,15.7,14.8,14.5,
栗東,20261010,栗東,土,ユイパルティ,,牝,2,平田修,70.5,51.1,33.1,16.6,19.4,18.0,16.5,16.6,
美浦,20261006,美浦,火,ユウミンジザイ,,牝,2,小手川準,66.6,49.6,32.6,16.5,17.0,17.0,16.1,16.5,
美浦,20261010,美浦,土,ユウミンジザイ,,牝,2,小手川準,71.3,52.9,35.1,16.7,18.4,17.8,18.4,16.7,
美浦,20261006,美浦,火,ラインジーク,,牡,3,水野貴広,71.7,52.8,34.3,16.9,18.9,18.5,17.4,16.9,
美浦,20261007,美浦,水,ラインジーク,,牡,3,水野貴広,66.9,49.6,32.0,15.6,17.3,17.6,16.4,15.6,
美浦,20261009,美浦,金,ラインジーク,,牡,3,水野貴広,69.2,51.5,33.7,16.6,17.7,17.8,17.1,16.6,
美浦,20261010,美浦,土,ラインジーク,,牡,3,水野貴広,71.3,52.5,34.0,16.6,18.8,18.5,17.4,16.6,
栗東,20261006,栗東,火,ラヴァブル,,牝,4,松下武士,67.3,48.5,31.6,15.4,18.8,16.9,16.2,15.4,
栗東,20261009,栗東,金,ラヴァブル,,牝,4,松下武士,66.8,49.3,32.9,15.7,17.5,16.4,17.2,15.7,
栗東,20261010,栗東,土,ラヴァブル,,牝,4,松下武士,62.1,45.4,29.8,14.9,16.7,15.6,14.9,14.9,
美浦,20261006,美浦,火,ラヴァブルロマン,,牝,2,伊藤圭三,66.0,48.3,30.8,14.6,17.7,17.5,16.2,14.6,
美浦,20261009,美浦,金,ラヴァブルロマン,,牝,2,伊藤圭三,66.5,48.3,31.6,14.9,18.2,16.7,16.7,14.9,
美浦,20261010,美浦,土,ラヴァブルロマン,,牝,2,伊藤圭三,66.1,47.3,30.9,15.2,18.8,16.4,15.7,15.2,
栗東,20261007,栗東,水,ラヴァンダ,Ｎ,牝,5,中村直也,51.5,37.4,24.2,12.2,14.1,13.2,12.0,12.2,
栗東,20261007,栗東,水,ラヴェニュー,,牡,3,友道康夫,55.2,40.3,25.8,12.2,14.9,14.5,13.6,12.2,
栗東,20261009,栗東,金,ラヴェニュー,,牡,3,友道康夫,60.3,44.8,29.6,15.0,15.5,15.2,14.6,15.0,
栗東,20261010,栗東,土,ラヴェニュー,,牡,3,友道康夫,63.5,46.5,30.4,14.8,17.0,16.1,15.6,14.8,
美浦,20261007,美浦,水,ラエトゥス,,牝,3,斎藤誠,53.1,38.6,24.8,12.2,14.5,13.8,12.6,12.2,
美浦,20261006,美浦,火,ラニアケア,,牡,2,堀宣行,66.3,48.7,31.9,15.6,17.6,16.8,16.3,15.6,
美浦,20261009,美浦,金,ラニアケア,,牡,2,堀宣行,68.1,50.6,33.6,16.9,17.5,17.0,16.7,16.9,
美浦,20261010,美浦,土,ラニアケア,,牡,2,堀宣行,67.2,49.6,32.2,16.0,17.6,17.4,16.2,16.0,
栗東,20261006,栗東,火,ラパンドール,,牡,3,藤原英昭,60.7,45.0,29.9,14.7,15.7,15.1,15.2,14.7,
栗東,20261007,栗東,水,ラパンドール,,牡,3,藤原英昭,53.9,39.7,25.6,12.5,14.2,14.1,13.1,12.5,
栗東,20261009,栗東,金,ラパンドール,,牡,3,藤原英昭,67.5,48.1,31.0,15.1,19.4,17.1,15.9,15.1,
栗東,20261010,栗東,土,ラパンドール,,牡,3,藤原英昭,63.6,46.7,30.3,14.7,16.9,16.4,15.6,14.7,
美浦,20261006,美浦,火,リオフラウス,,牝,2,矢野英一,66.0,48.5,31.2,15.9,17.5,17.3,15.3,15.9,
美浦,20261006,美浦,火,リゾートアイランド,,牡,3,上原佑紀,63.9,47.7,31.5,15.4,16.2,16.2,16.1,15.4,
美浦,20261007,美浦,水,リゾートアイランド,,牡,3,上原佑紀,63.4,46.6,30.6,15.0,16.8,16.0,15.6,15.0,
栗東,20261006,栗東,火,リバティサンライズ,,牝,2,羽月友彦,64.8,47.3,31.0,15.4,17.5,16.3,15.6,15.4,
栗東,20261007,栗東,水,リバティサンライズ,,牝,2,羽月友彦,55.9,41.1,26.7,13.3,14.8,14.4,13.4,13.3,
栗東,20261009,栗東,金,リバティサンライズ,,牝,2,羽月友彦,65.6,48.3,31.5,15.4,17.3,16.8,16.1,15.4,
栗東,20261010,栗東,土,リバティサンライズ,,牝,2,羽月友彦,69.7,50.1,32.1,15.5,19.6,18.0,16.6,15.5,
栗東,20261006,栗東,火,ルージュソリテール,,牝,4,藤原英昭,65.6,47.7,30.5,14.9,17.9,17.2,15.6,14.9,
栗東,20261007,栗東,水,ルージュソリテール,,牝,4,藤原英昭,54.4,38.1,24.5,12.0,16.3,13.6,12.5,12.0,
栗東,20261009,栗東,金,ルージュソリテール,,牝,4,藤原英昭,61.9,46.0,31.2,15.4,15.9,14.8,15.8,15.4,
栗東,20261006,栗東,火,ルージュミスティカ,,牝,2,大久保龍,61.2,45.6,30.2,15.0,15.6,15.4,15.2,15.0,
栗東,20261007,栗東,水,ルージュミスティカ,,牝,2,大久保龍,53.0,38.6,25.2,12.7,14.4,13.4,12.5,12.7,
栗東,20261009,栗東,金,ルートサーティーン,,牡,3,辻野泰之,61.7,45.2,29.0,14.3,16.5,16.2,14.7,14.3,
栗東,20261006,栗東,火,ルーモマカーリ,,牡,2,今野貞一,68.0,49.0,32.6,16.6,19.0,16.4,16.0,16.6,
美浦,20261006,美浦,火,ルクスレイモンド,,牡,3,上原佑紀,65.6,48.2,31.0,15.1,17.4,17.2,15.9,15.1,
美浦,20261007,美浦,水,ルクスレイモンド,,牡,3,上原佑紀,64.7,47.8,31.1,15.0,16.9,16.7,16.1,15.0,
美浦,20261008,美浦,木,ルクスレイモンド,,牡,3,上原佑紀,53.9,39.5,24.9,11.8,14.4,14.6,13.1,11.8,
栗東,20261006,栗東,火,ルディシャ,,牡,4,森田直行,64.1,47.1,31.2,15.3,17.0,15.9,15.9,15.3,
栗東,20261007,栗東,水,ルディシャ,,牡,4,森田直行,53.9,39.3,25.3,12.7,14.6,14.0,12.6,12.7,
栗東,20261010,栗東,土,ルディシャ,,牡,4,森田直行,65.2,48.5,32.0,15.6,16.7,16.5,16.4,15.6,
栗東,20261006,栗東,火,ルパドゥクール,,牝,2,上村洋行,61.0,44.9,29.6,14.4,16.1,15.3,15.2,14.4,
栗東,20261007,栗東,水,ルパドゥクール,,牝,2,上村洋行,53.6,38.6,24.9,12.3,15.0,13.7,12.6,12.3,
栗東,20261009,栗東,金,ルパドゥクール,,牝,2,上村洋行,65.1,46.7,30.2,15.1,18.4,16.5,15.1,15.1,
栗東,20261010,栗東,土,ルパドゥクール,,牝,2,上村洋行,64.9,47.7,31.1,15.6,17.2,16.6,15.5,15.6,
栗東,20261006,栗東,火,ルファーダ,,牡,3,大根田裕,65.0,47.6,31.5,15.7,17.4,16.1,15.8,15.7,
栗東,20261007,栗東,水,ルファーダ,,牡,3,大根田裕,62.9,47.0,30.7,15.4,15.9,16.3,15.3,15.4,
栗東,20261010,栗東,土,ルファーダ,,牡,3,大根田裕,61.1,45.7,30.5,15.3,15.4,15.2,15.2,15.3,
美浦,20261006,美浦,火,レイアポポ,,牝,4,青木孝文,64.2,47.6,31.7,15.8,16.6,15.9,15.9,15.8,
栗東,20261006,栗東,火,レインボーステート,,牡,3,茶木太樹,67.1,48.5,31.5,15.4,18.6,17.0,16.1,15.4,
栗東,20261007,栗東,水,レインボーステート,,牡,3,茶木太樹,54.5,39.3,25.2,12.6,15.2,14.1,12.6,12.6,
栗東,20261009,栗東,金,レインボーステート,,牡,3,茶木太樹,66.8,48.0,30.8,15.4,18.8,17.2,15.4,15.4,
栗東,20261010,栗東,土,レインボーステート,,牡,3,茶木太樹,67.3,48.7,31.6,15.6,18.6,17.1,16.0,15.6,
美浦,20261006,美浦,火,レヴフィリア,,牝,2,伊藤圭三,66.9,49.1,31.7,15.6,17.8,17.4,16.1,15.6,
美浦,20261009,美浦,金,レヴフィリア,,牝,2,伊藤圭三,66.6,48.3,32.0,15.8,18.3,16.3,16.2,15.8,
美浦,20261010,美浦,土,レヴフィリア,,牝,2,伊藤圭三,65.5,48.6,31.4,15.1,16.9,17.2,16.3,15.1,
栗東,20261006,栗東,火,レガーメフォルテ,,牡,2,新谷功一,65.5,48.0,31.9,15.3,17.5,16.1,16.6,15.3,
栗東,20261009,栗東,金,レガーメフォルテ,,牡,2,新谷功一,63.3,46.7,30.5,15.2,16.6,16.2,15.3,15.2,
栗東,20261010,栗東,土,レガーメフォルテ,,牡,2,新谷功一,68.1,50.4,32.7,15.8,17.7,17.7,16.9,15.8,
栗東,20261006,栗東,火,レザーアンドレース,,牝,3,平田修,65.1,46.1,29.7,14.5,19.0,16.4,15.2,14.5,
栗東,20261007,栗東,水,レザーアンドレース,,牝,3,平田修,52.9,38.7,25.6,13.0,14.2,13.1,12.6,13.0,
栗東,20261009,栗東,金,レザーアンドレース,,牝,3,平田修,62.5,45.9,30.3,15.1,16.6,15.6,15.2,15.1,
栗東,20261010,栗東,土,レザーアンドレース,,牝,3,平田修,69.5,48.8,31.5,15.4,20.7,17.3,16.1,15.4,
美浦,20261006,美浦,火,レッドラパルマ,,セ,7,平岩大典,65.8,48.4,32.3,16.1,17.4,16.1,16.2,16.1,
美浦,20261009,美浦,金,レッドラパルマ,,セ,7,平岩大典,69.6,51.2,33.6,16.2,18.4,17.6,17.4,16.2,
美浦,20261010,美浦,土,レッドラパルマ,,セ,7,平岩大典,67.8,49.2,31.8,15.5,18.6,17.4,16.3,15.5,
美浦,20261006,美浦,火,レッドレナート,,牡,5,手塚貴徳,63.4,46.6,30.4,14.9,16.8,16.2,15.5,14.9,
美浦,20261007,美浦,水,レッドレナート,,牡,5,手塚貴徳,63.5,45.8,29.8,14.9,17.7,16.0,14.9,14.9,
美浦,20261010,美浦,土,レッドレナート,,牡,5,手塚貴徳,63.0,46.2,30.0,14.5,16.8,16.2,15.5,14.5,
栗東,20261006,栗東,火,レッドレベンディス,,牡,3,庄野靖志,63.3,46.5,30.9,15.8,16.8,15.6,15.1,15.8,
栗東,20261007,栗東,水,レッドレベンディス,,牡,3,庄野靖志,53.0,38.4,25.0,12.6,14.6,13.4,12.4,12.6,
栗東,20261010,栗東,土,レッドレベンディス,,牡,3,庄野靖志,62.1,45.4,29.6,14.9,16.7,15.8,14.7,14.9,
栗東,20261006,栗東,火,ロイスター,,牝,3,笹田和秀,63.0,45.9,29.8,14.4,17.1,16.1,15.4,14.4,
栗東,20261007,栗東,水,ロイスター,,牝,3,笹田和秀,53.9,39.5,25.7,12.6,14.4,13.8,13.1,12.6,
美浦,20261006,美浦,火,ロードアマデウス,,牡,2,嘉藤貴行,63.3,47.7,31.7,15.6,15.6,16.0,16.1,15.6,
美浦,20261009,美浦,金,ロードアマデウス,,牡,2,嘉藤貴行,67.5,50.4,34.4,17.3,17.1,16.0,17.1,17.3,
美浦,20261010,美浦,土,ロードアマデウス,,牡,2,嘉藤貴行,65.9,48.9,32.1,15.7,17.0,16.8,16.4,15.7,
栗東,20261006,栗東,火,ロードフローリス,,牡,2,小椋研介,65.8,48.6,31.8,15.2,17.2,16.8,16.6,15.2,
栗東,20261007,栗東,水,ロードフローリス,,牡,2,小椋研介,53.8,39.5,26.1,12.5,14.3,13.4,13.6,12.5,
美浦,20261007,美浦,水,ローブリッター,,牝,2,尾関知人,54.5,39.3,25.7,12.8,15.2,13.6,12.9,12.8,
美浦,20261006,美浦,火,ロジリッキー,,牡,4,新開幸一,65.9,49.8,32.8,16.6,16.1,17.0,16.2,16.6,
美浦,20261009,美浦,金,ロジリッキー,,牡,4,新開幸一,68.9,50.6,33.1,16.7,18.3,17.5,16.4,16.7,
美浦,20261010,美浦,土,ロジリッキー,,牡,4,新開幸一,68.3,49.6,32.1,15.9,18.7,17.5,16.2,15.9,
栗東,20261009,栗東,金,ワルトシュタイン,,牡,3,佐藤悠太,61.4,44.4,28.5,14.0,17.0,15.9,14.5,14.0,
