場所,年月日,日付S,曜日,馬名,Ｃ,性別,調教師,6F,5F,4F,3F,2F,1F,Lap6,Lap5,Lap4,Lap3,Lap2,Lap1
美浦,20261006,2026.10.6,火,アースグレイジング,,牡,杉浦宏昭,115.3,94.9,73.9,53.3,33.6,16.0,20.4,21.0,20.6,19.7,17.6,16.0
美浦,20261007,2026.10.7,水,アインザッツ,,牡,宮田敬介,,,51.4,37.2,23.9,11.6,,,14.2,13.3,12.3,11.6
美浦,20261008,2026.10.8,木,アクアマーズ,Ｃ,牡,浅利英明,83.6,67.1,52.0,37.4,23.8,11.5,16.5,15.1,14.6,13.6,12.3,11.5
美浦,20261007,2026.10.7,水,アルジェンタージョ,,牝,伊藤圭三,87.2,68.8,51.9,36.7,23.8,11.9,18.4,16.9,15.2,12.9,11.9,11.9
栗東,20261007,2026.10.7,水,アルトゥーム,,牡,藤岡健一,84.4,66.2,51.2,36.5,23.2,11.8,18.2,15.0,14.7,13.3,11.4,11.8
栗東,20261006,2026.10.6,火,アルバドラータ,,牡,小栗実,110.4,91.8,73.1,53.3,34.8,17.2,18.6,18.7,19.8,18.5,17.6,17.2
栗東,20261007,2026.10.7,水,アルバドラータ,,牡,小栗実,80.6,66.4,52.5,38.0,23.8,12.1,14.2,13.9,14.5,14.2,11.7,12.1
栗東,20261010,2026.10.10,土,アルバドラータ,,牡,小栗実,110.6,91.6,73.1,54.3,34.9,17.0,19.0,18.5,18.8,19.4,17.9,17.0
栗東,20261010,2026.10.10,土,アルビオン,,牝,笹田和秀,,,79.6,57.3,36.1,16.8,,,22.3,21.2,19.3,16.8
栗東,20261007,2026.10.7,水,アルフェラッツ,,牝,渡辺薫彦,88.8,69.7,52.9,37.1,22.9,11.5,19.1,16.8,15.8,14.2,11.4,11.5
美浦,20261007,2026.10.7,水,アンシュウマト,,牡,中川公成,82.5,66.1,51.5,37.6,24.4,11.9,16.4,14.6,13.9,13.2,12.5,11.9
美浦,20261007,2026.10.7,水,イツマデモマツワ,,牝,深山雅史,87.2,68.2,52.4,38.4,24.9,12.2,19.0,15.8,14.0,13.5,12.7,12.2
美浦,20261007,2026.10.7,水,イノキ,,牡,岩戸孝樹,86.2,70.1,54.6,39.2,24.9,12.0,16.1,15.5,15.4,14.3,12.9,12.0
美浦,20261007,2026.10.7,水,イブキ,,牡,矢野英一,87.6,67.3,50.5,36.0,23.4,11.6,20.3,16.8,14.5,12.6,11.8,11.6
美浦,20261007,2026.10.7,水,イフルジャンス,,セ,金成貴史,84.8,68.6,52.8,38.2,24.4,11.9,16.2,15.8,14.6,13.8,12.5,11.9
栗東,20261006,2026.10.6,火,イムヴァブル,,牡,高橋亮,103.8,87.3,69.4,50.7,32.5,16.4,16.5,17.9,18.7,18.2,16.1,16.4
栗東,20261007,2026.10.7,水,イムヴァブル,,牡,高橋亮,84.2,69.2,54.0,38.4,23.9,11.9,15.0,15.2,15.6,14.5,12.0,11.9
美浦,20261007,2026.10.7,水,インターステラ,,牡,天間昭一,88.0,70.9,55.4,40.6,26.6,12.8,17.1,15.5,14.8,14.0,13.8,12.8
美浦,20261007,2026.10.7,水,イントゥーザブルー,,牡,清水英克,80.9,65.4,50.9,36.6,23.4,11.6,15.5,14.5,14.3,13.2,11.8,11.6
栗東,20261006,2026.10.6,火,ヴァンアグレアブル,,牝,橋口慎介,,176.1,130.8,94.9,60.5,29.8,,45.3,35.9,34.4,30.7,29.8
栗東,20261006,2026.10.6,火,ヴァンアグレアブル,,牝,橋口慎介,145.3,119.9,95.8,71.1,46.9,23.6,25.4,24.1,24.7,24.2,23.3,23.6
栗東,20261007,2026.10.7,水,ヴァンアグレアブル,,牝,橋口慎介,,,53.3,37.3,23.2,11.9,,,16.0,14.1,11.3,11.9
美浦,20261006,2026.10.6,火,ヴァンデスペランス,,牡,中舘英二,,,62.7,45.9,30.6,15.3,,,16.8,15.3,15.3,15.3
美浦,20261007,2026.10.7,水,ヴァンデスペランス,,牡,中舘英二,84.6,67.6,52.5,37.5,23.5,11.4,17.0,15.1,15.0,14.0,12.1,11.4
美浦,20261009,2026.10.9,金,ヴァンデスペランス,,牡,中舘英二,,,67.5,50.0,32.5,15.8,,,17.5,17.5,16.7,15.8
美浦,20261007,2026.10.7,水,ウインシュクラン,,セ,和田正一,86.1,70.3,55.2,40.1,25.2,11.9,15.8,15.1,15.1,14.9,13.3,11.9
栗東,20261006,2026.10.6,火,ウインラウダ,,牡,梅田智之,122.5,99.0,77.1,55.6,35.4,17.8,23.5,21.9,21.5,20.2,17.6,17.8
栗東,20261009,2026.10.9,金,ウインラウダ,,牡,梅田智之,104.6,86.0,66.9,48.2,30.5,15.0,18.6,19.1,18.7,17.7,15.5,15.0
栗東,20261010,2026.10.10,土,ウインラウダ,,牡,梅田智之,144.0,116.9,89.9,64.6,40.5,19.9,27.1,27.0,25.3,24.1,20.6,19.9
美浦,20261007,2026.10.7,水,ヴェルバーニア,,牡,手塚貴久,85.1,68.4,53.2,39.2,24.8,11.9,16.7,15.2,14.0,14.4,12.9,11.9
美浦,20261007,2026.10.7,水,ヴォートセレスト,,牡,奥村武,85.3,68.5,53.6,38.8,24.4,11.6,16.8,14.9,14.8,14.4,12.8,11.6
美浦,20261007,2026.10.7,水,ウルフマン,,牡,手塚貴久,84.3,68.0,52.3,37.8,23.9,11.6,16.3,15.7,14.5,13.9,12.3,11.6
栗東,20261007,2026.10.7,水,エーデルヴェーグ,,牝,田中克典,90.3,72.0,55.0,38.8,24.3,12.0,18.3,17.0,16.2,14.5,12.3,12.0
美浦,20261007,2026.10.7,水,エスシーレイジュ,,牝,松山将樹,84.5,67.5,52.8,38.5,25.0,12.8,17.0,14.7,14.3,13.5,12.2,12.8
栗東,20261006,2026.10.6,火,エナジーグラン,,牡,高橋康之,107.9,88.7,69.7,50.3,31.6,15.4,19.2,19.0,19.4,18.7,16.2,15.4
栗東,20261010,2026.10.10,土,エナジーグラン,,牡,高橋康之,,,106.2,76.3,49.6,23.7,,,29.9,26.7,25.9,23.7
栗東,20261007,2026.10.7,水,エポックヴィーナス,,牝,新谷功一,,,50.8,36.0,23.3,12.1,,,14.8,12.7,11.2,12.1
美浦,20261007,2026.10.7,水,オーバーゼア,,牡,伊藤伸一,82.9,66.6,52.5,37.7,24.2,12.3,16.3,14.1,14.8,13.5,11.9,12.3
美浦,20261007,2026.10.7,水,オカメノコイ,,牝,小笠倫弘,86.4,69.2,54.4,39.6,25.4,12.2,17.2,14.8,14.8,14.2,13.2,12.2
美浦,20261009,2026.10.9,金,オカメノコイ,,牝,小笠倫弘,115.6,93.1,71.7,51.3,32.6,15.9,22.5,21.4,20.4,18.7,16.7,15.9
美浦,20261010,2026.10.10,土,オカメノコイ,,牝,小笠倫弘,109.5,87.5,67.9,48.8,31.3,15.3,22.0,19.6,19.1,17.5,16.0,15.3
美浦,20261007,2026.10.7,水,オニノウタゲ,,牝,和田雄二,83.2,67.6,52.8,38.0,24.2,11.7,15.6,14.8,14.8,13.8,12.5,11.7
美浦,20261010,2026.10.10,土,オブシディアン,,牡,石栗龍彦,,,64.8,47.3,31.2,15.7,,,17.5,16.1,15.5,15.7
美浦,20261007,2026.10.7,水,オメガストリーム,,牝,田中勝春,89.6,69.9,54.0,38.5,24.2,11.6,19.7,15.9,15.5,14.3,12.6,11.6
美浦,20261007,2026.10.7,水,カーマンライン,,セ,小島茂之,80.5,66.6,53.6,39.8,26.2,13.1,13.9,13.0,13.8,13.6,13.1,13.1
美浦,20261007,2026.10.7,水,カシノデスティニー,,牝,和田雄二,84.9,68.5,54.0,39.4,25.5,12.5,16.4,14.5,14.6,13.9,13.0,12.5
美浦,20261007,2026.10.7,水,カスバートテソーロ,,牝,畠山吉宏,85.2,68.0,52.9,38.7,25.1,12.3,17.2,15.1,14.2,13.6,12.8,12.3
美浦,20261007,2026.10.7,水,カネラフィーナ,,牝,手塚貴久,81.6,67.0,52.7,37.9,24.0,11.6,14.6,14.3,14.8,13.9,12.4,11.6
栗東,20261007,2026.10.7,水,カフジキアッキエレ,,牝,森田直行,,,74.4,53.4,34.7,16.8,,,21.0,18.7,17.9,16.8
栗東,20261006,2026.10.6,火,キタノシャカール,,牡,吉田直弘,,109.2,75.6,55.0,36.2,18.1,,33.6,20.6,18.8,18.1,18.1
栗東,20261006,2026.10.6,火,キタノシャカール,,牡,吉田直弘,85.0,69.4,53.3,38.0,24.2,12.1,15.6,16.1,15.3,13.8,12.1,12.1
栗東,20261010,2026.10.10,土,キタノシャカール,,牡,吉田直弘,,,63.6,45.8,30.1,15.1,,,17.8,15.7,15.0,15.1
美浦,20261007,2026.10.7,水,キャミソール,,牝,深山雅史,86.8,69.0,53.9,38.7,24.6,12.2,17.8,15.1,15.2,14.1,12.4,12.2
美浦,20261008,2026.10.8,木,キョウエイカンセ,,牡,萱野浩二,82.5,66.8,51.9,37.5,24.3,12.2,15.7,14.9,14.4,13.2,12.1,12.2
美浦,20261008,2026.10.8,木,キョウエイカンフ,,牡,勢司和浩,84.3,67.7,53.1,38.7,24.7,12.1,16.6,14.6,14.4,14.0,12.6,12.1
美浦,20261008,2026.10.8,木,キョウエイスレーヴ,,牡,萱野浩二,81.7,65.9,51.1,37.1,24.2,12.1,15.8,14.8,14.0,12.9,12.1,12.1
美浦,20261007,2026.10.7,水,ギルデッドグロス,,牡,黒岩陽一,81.4,65.3,51.6,38.2,25.4,12.6,16.1,13.7,13.4,12.8,12.8,12.6
栗東,20261007,2026.10.7,水,キングメーカー,,牡,須貝尚介,83.1,67.7,52.9,37.6,23.1,11.6,15.4,14.8,15.3,14.5,11.5,11.6
栗東,20261006,2026.10.6,火,クイーンズウォーク,Ｚ,牝,中内田充,98.7,82.0,64.3,46.3,29.6,14.9,16.7,17.7,18.0,16.7,14.7,14.9
栗東,20261007,2026.10.7,水,クリュギスト,,牡,松下武士,83.2,68.6,53.6,38.5,24.1,12.2,14.6,15.0,15.1,14.4,11.9,12.2
栗東,20261007,2026.10.7,水,クレセンティア,,牝,田中克典,82.9,67.2,52.1,37.1,23.7,11.8,15.7,15.1,15.0,13.4,11.9,11.8
美浦,20261007,2026.10.7,水,グロリアススマイル,,牡,小笠倫弘,82.4,66.6,51.9,37.3,24.3,11.7,15.8,14.7,14.6,13.0,12.6,11.7
美浦,20261010,2026.10.10,土,グロリアススマイル,,牡,小笠倫弘,118.6,91.5,70.9,51.4,33.1,16.4,27.1,20.6,19.5,18.3,16.7,16.4
栗東,20261006,2026.10.6,火,グロリアラウス,,セ,斉藤崇史,107.2,89.1,71.8,53.6,34.8,16.9,18.1,17.3,18.2,18.8,17.9,16.9
栗東,20261007,2026.10.7,水,グロリアラウス,,セ,斉藤崇史,86.4,70.6,55.1,38.8,24.2,11.8,15.8,15.5,16.3,14.6,12.4,11.8
美浦,20261007,2026.10.7,水,ゴールデンオスカー,,牡,堀内岳志,85.2,68.8,53.4,38.4,24.5,11.7,16.4,15.4,15.0,13.9,12.8,11.7
栗東,20261007,2026.10.7,水,ゴールデンスラム,,牡,池江泰寿,84.1,66.6,51.6,36.7,23.0,11.4,17.5,15.0,14.9,13.7,11.6,11.4
栗東,20261007,2026.10.7,水,ココロヅヨサ,,牡,田中克典,83.3,68.0,53.1,37.5,23.6,12.1,15.3,14.9,15.6,13.9,11.5,12.1
美浦,20261006,2026.10.6,火,コスモシグナス,,牡,水野貴広,,,72.4,53.3,34.8,17.3,,,19.1,18.5,17.5,17.3
美浦,20261007,2026.10.7,水,コスモシグナス,,牡,水野貴広,84.7,67.7,52.9,38.3,24.3,11.7,17.0,14.8,14.6,14.0,12.6,11.7
美浦,20261009,2026.10.9,金,コスモシグナス,,牡,水野貴広,,,67.6,48.8,30.9,14.8,,,18.8,17.9,16.1,14.8
美浦,20261007,2026.10.7,水,コスモデュアリズム,,牡,伊藤伸一,85.1,67.6,52.4,38.0,24.8,12.9,17.5,15.2,14.4,13.2,11.9,12.9
栗東,20261006,2026.10.6,火,コパノキャンペーン,Ｃ,牡,渡辺薫彦,,89.6,69.6,50.6,32.3,15.7,,20.0,19.0,18.3,16.6,15.7
栗東,20261007,2026.10.7,水,コパノキャンペーン,Ｃ,牡,渡辺薫彦,88.8,69.8,52.9,37.2,22.9,11.5,19.0,16.9,15.7,14.3,11.4,11.5
美浦,20261006,2026.10.6,火,ゴンファロニエーレ,,牡,田中博康,101.4,83.5,64.7,46.9,29.9,14.4,17.9,18.8,17.8,17.0,15.5,14.4
美浦,20261007,2026.10.7,水,ゴンファロニエーレ,,牡,田中博康,100.9,83.0,65.1,47.9,31.2,15.3,17.9,17.9,17.2,16.7,15.9,15.3
美浦,20261008,2026.10.8,木,ゴンファロニエーレ,,牡,田中博康,84.6,67.5,52.6,38.0,24.4,12.0,17.1,14.9,14.6,13.6,12.4,12.0
美浦,20261010,2026.10.10,土,ゴンファロニエーレ,,牡,田中博康,103.2,85.2,67.0,48.8,31.1,15.0,18.0,18.2,18.2,17.7,16.1,15.0
美浦,20261007,2026.10.7,水,サムワンライクユー,,牡,佐藤吉勝,84.9,67.8,52.5,38.0,24.6,12.1,17.1,15.3,14.5,13.4,12.5,12.1
美浦,20261007,2026.10.7,水,サラフィエル,,セ,鈴木慎太,85.8,67.9,52.7,38.2,24.5,12.0,17.9,15.2,14.5,13.7,12.5,12.0
栗東,20261007,2026.10.7,水,サンクサンス,,牝,小栗実,,,55.0,39.0,24.1,11.8,,,16.0,14.9,12.3,11.8
美浦,20261007,2026.10.7,水,サンクレセント,,牝,伊藤圭三,88.4,69.2,53.5,38.0,24.5,11.9,19.2,15.7,15.5,13.5,12.6,11.9
美浦,20261010,2026.10.10,土,サンクレセント,,牝,伊藤圭三,,,66.6,48.2,30.8,15.1,,,18.4,17.4,15.7,15.1
栗東,20261007,2026.10.7,水,サンセットビュー,,牝,新谷功一,82.9,66.9,52.1,37.0,23.7,12.3,16.0,14.8,15.1,13.3,11.4,12.3
美浦,20261007,2026.10.7,水,サンドブラスト,,牡,鈴木慎太,85.2,68.0,53.3,38.3,24.4,11.8,17.2,14.7,15.0,13.9,12.6,11.8
栗東,20261006,2026.10.6,火,ジーティールーナ,,牝,緒方努,,84.8,66.2,48.5,31.5,15.6,,18.6,17.7,17.0,15.9,15.6
栗東,20261009,2026.10.9,金,ジーティールーナ,,牝,緒方努,,,71.4,51.3,33.2,16.5,,,20.1,18.1,16.7,16.5
美浦,20261007,2026.10.7,水,シェンロン,,牡,尾関知人,84.4,68.6,52.8,38.0,24.3,11.9,15.8,15.8,14.8,13.7,12.4,11.9
栗東,20261006,2026.10.6,火,シャカニセッポウ,,牡,北出成人,106.6,88.0,68.8,49.4,30.6,14.2,18.6,19.2,19.4,18.8,16.4,14.2
美浦,20261007,2026.10.7,水,シャンパンマーク,,セ,蛯名正義,83.5,68.3,53.4,38.8,24.3,11.6,15.2,14.9,14.6,14.5,12.7,11.6
美浦,20261007,2026.10.7,水,ジョスラン,Ｃ,牝,鹿戸雄一,85.1,67.8,51.8,36.9,23.2,11.2,17.3,16.0,14.9,13.7,12.0,11.2
美浦,20261007,2026.10.7,水,スードランダム,,牝,伊坂重信,81.6,65.8,51.1,36.8,23.9,11.9,15.8,14.7,14.3,12.9,12.0,11.9
美浦,20261007,2026.10.7,水,スタートレイン,Ｃ,牝,黒岩陽一,83.5,67.3,52.3,37.7,24.3,12.1,16.2,15.0,14.6,13.4,12.2,12.1
栗東,20261007,2026.10.7,水,ステアハート,,牝,新谷功一,83.1,67.2,52.3,37.0,23.6,12.2,15.9,14.9,15.3,13.4,11.4,12.2
栗東,20261010,2026.10.10,土,ステアハート,,牝,新谷功一,,,132.2,92.2,57.8,27.4,,,40.0,34.4,30.4,27.4
栗東,20261010,2026.10.10,土,スティルラブハー,,牡,杉山佳明,,,66.3,47.6,30.3,14.6,,,18.7,17.3,15.7,14.6
栗東,20261007,2026.10.7,水,セキトバイースト,,牝,四位洋文,,,53.6,37.9,23.9,11.9,,,15.7,14.0,12.0,11.9
美浦,20261007,2026.10.7,水,セギレエルビエント,,牝,伊坂重信,80.6,65.3,50.7,36.7,23.7,11.6,15.3,14.6,14.0,13.0,12.1,11.6
栗東,20261006,2026.10.6,火,ゼットレジーナ,,牝,吉田直弘,,94.3,75.0,54.9,35.9,17.7,,19.3,20.1,19.0,18.2,17.7
栗東,20261006,2026.10.6,火,ゼットレジーナ,,牝,吉田直弘,82.7,67.7,52.0,36.8,23.1,11.5,15.0,15.7,15.2,13.7,11.6,11.5
栗東,20261010,2026.10.10,土,ゼットレジーナ,,牝,吉田直弘,,,67.5,48.7,31.2,15.0,,,18.8,17.5,16.2,15.0
美浦,20261007,2026.10.7,水,センターサンテ,,牡,本間忍,85.9,69.6,54.2,38.9,25.2,12.8,16.3,15.4,15.3,13.7,12.4,12.8
栗東,20261010,2026.10.10,土,ソウカイファンキー,,牡,杉山佳明,,,67.2,48.8,31.7,15.8,,,18.4,17.1,15.9,15.8
美浦,20261008,2026.10.8,木,ソニックライン,,セ,浅利英明,83.9,67.3,52.2,37.7,24.0,11.6,16.6,15.1,14.5,13.7,12.4,11.6
美浦,20261007,2026.10.7,水,ソルフィーナ,,牝,上原佑紀,84.3,68.2,52.9,38.2,24.7,12.3,16.1,15.3,14.7,13.5,12.4,12.3
美浦,20261007,2026.10.7,水,タイセイソアリング,,牡,池上昌和,85.2,68.7,54.2,39.0,24.6,12.0,16.5,14.5,15.2,14.4,12.6,12.0
栗東,20261007,2026.10.7,水,ダイメイクマモト,,牡,秋山真一,86.4,69.2,52.9,37.0,22.9,11.5,17.2,16.3,15.9,14.1,11.4,11.5
栗東,20261007,2026.10.7,水,ダノンエポナ,,牝,千田輝彦,88.5,70.8,55.0,38.7,23.8,12.0,17.7,15.8,16.3,14.9,11.8,12.0
栗東,20261007,2026.10.7,水,ダノンプリマ,,牝,千田輝彦,85.1,69.1,53.3,37.9,23.4,11.7,16.0,15.8,15.4,14.5,11.7,11.7
栗東,20261006,2026.10.6,火,チェルビアット,,牝,高野友和,112.5,92.1,72.5,53.4,34.7,17.3,20.4,19.6,19.1,18.7,17.4,17.3
美浦,20261007,2026.10.7,水,チャームドール,,牝,小手川準,86.3,70.4,54.2,39.2,25.4,12.4,15.9,16.2,15.0,13.8,13.0,12.4
栗東,20261006,2026.10.6,火,チョウサクラ,,牝,羽月友彦,100.2,83.3,65.8,47.9,30.6,15.0,16.9,17.5,17.9,17.3,15.6,15.0
美浦,20261007,2026.10.7,水,ツルマウカタチ,,牡,手塚貴久,86.2,69.7,54.2,38.8,24.5,11.9,16.5,15.5,15.4,14.3,12.6,11.9
栗東,20261006,2026.10.6,火,ディヴァンパーレ,,牝,小栗実,96.5,80.4,64.2,47.5,30.6,15.1,16.1,16.2,16.7,16.9,15.5,15.1
栗東,20261009,2026.10.9,金,ディヴァンパーレ,,牝,小栗実,,,64.7,47.8,30.8,15.5,,,16.9,17.0,15.3,15.5
美浦,20261007,2026.10.7,水,テイクユアタイム,,牡,中川公成,85.5,69.9,55.4,40.5,26.1,12.9,15.6,14.5,14.9,14.4,13.2,12.9
美浦,20261006,2026.10.6,火,ティピティーナ,,牝,林徹,136.9,113.8,90.7,67.0,43.9,21.6,23.1,23.1,23.7,23.1,22.3,21.6
美浦,20261007,2026.10.7,水,ティピティーナ,,牝,林徹,83.4,67.0,51.7,37.1,23.7,11.5,16.4,15.3,14.6,13.4,12.2,11.5
栗東,20261010,2026.10.10,土,テーオーローズ,,牝,岡田稲男,,,72.6,53.0,34.0,16.5,,,19.6,19.0,17.5,16.5
美浦,20261007,2026.10.7,水,テールエメール,,牡,池上昌和,84.6,67.7,53.5,38.6,24.4,12.0,16.9,14.2,14.9,14.2,12.4,12.0
栗東,20261006,2026.10.6,火,テムバンヴァン,,牝,畑端省吾,,94.7,73.0,52.9,34.2,16.9,,21.7,20.1,18.7,17.3,16.9
栗東,20261007,2026.10.7,水,テムバンヴァン,,牝,畑端省吾,,,68.1,48.9,31.6,15.6,,,19.2,17.3,16.0,15.6
栗東,20261008,2026.10.8,木,テムバンヴァン,,牝,畑端省吾,86.1,69.7,54.0,38.7,23.7,11.9,16.4,15.7,15.3,15.0,11.8,11.9
美浦,20261007,2026.10.7,水,テンハートビート,,牝,西田雄一,84.9,67.7,53.3,38.2,24.3,11.5,17.2,14.4,15.1,13.9,12.8,11.5
美浦,20261007,2026.10.7,水,テンユメノオーロラ,,牝,平岩大典,86.5,68.8,51.8,37.0,23.9,12.1,17.7,17.0,14.8,13.1,11.8,12.1
栗東,20261006,2026.10.6,火,トゥデイイズザデイ,Ｃ,牡,池江泰寿,,86.9,66.6,48.7,31.7,15.7,,20.3,17.9,17.0,16.0,15.7
栗東,20261007,2026.10.7,水,トゥデイイズザデイ,Ｃ,牡,池江泰寿,83.5,68.4,53.5,38.6,24.3,12.0,15.1,14.9,14.9,14.3,12.3,12.0
栗東,20261007,2026.10.7,水,ドナズエクリプス,,牡,清水久詞,82.2,66.5,51.8,37.1,23.1,11.6,15.7,14.7,14.7,14.0,11.5,11.6
美浦,20261007,2026.10.7,水,ドナフェリーチェ,,牝,柄崎将寿,83.0,66.9,51.9,37.4,23.7,11.5,16.1,15.0,14.5,13.7,12.2,11.5
美浦,20261007,2026.10.7,水,トラストフィスティ,,牝,高木登,86.5,68.5,54.0,39.7,26.1,13.1,18.0,14.5,14.3,13.6,13.0,13.1
栗東,20261007,2026.10.7,水,トリオハピネス,,牡,佐藤悠太,86.7,69.7,53.9,38.2,23.5,11.2,17.0,15.8,15.7,14.7,12.3,11.2
美浦,20261007,2026.10.7,水,ドルンレースツェン,,牝,矢嶋大樹,88.5,72.4,56.8,41.5,26.8,13.1,16.1,15.6,15.3,14.7,13.7,13.1
美浦,20261007,2026.10.7,水,ドントゥザムーン,,牡,高木登,84.4,68.3,53.1,38.2,24.4,11.8,16.1,15.2,14.9,13.8,12.6,11.8
美浦,20261007,2026.10.7,水,ニースケンス,,牡,小島茂之,116.8,96.6,53.5,38.6,24.4,11.4,20.2,43.1,14.9,14.2,13.0,11.4
美浦,20261007,2026.10.7,水,ニーナラルゴ,,牝,上原博之,86.8,68.8,53.3,37.9,23.9,11.7,18.0,15.5,15.4,14.0,12.2,11.7
美浦,20261008,2026.10.8,木,ニシノティアモ,,牝,上原佑紀,84.5,67.5,52.2,37.7,23.8,11.6,17.0,15.3,14.5,13.9,12.2,11.6
美浦,20261007,2026.10.7,水,ニシノブレイゼスト,,牡,高木登,86.1,68.8,53.9,39.1,24.9,12.3,17.3,14.9,14.8,14.2,12.6,12.3
栗東,20261007,2026.10.7,水,ノーブルヴィジョン,,牝,今野貞一,86.2,70.6,55.4,39.8,24.8,12.5,15.6,15.2,15.6,15.0,12.3,12.5
美浦,20261006,2026.10.6,火,ノーブルグランツ,,牡,久保田貴,148.9,122.6,96.5,70.6,46.0,22.5,26.3,26.1,25.9,24.6,23.5,22.5
美浦,20261007,2026.10.7,水,ノーブルグランツ,,牡,久保田貴,83.5,67.5,52.2,37.7,23.7,11.5,16.0,15.3,14.5,14.0,12.2,11.5
栗東,20261006,2026.10.6,火,ノーブルスカイ,,牡,高柳大輔,,120.3,91.4,66.7,41.8,20.4,,28.9,24.7,24.9,21.4,20.4
栗東,20261007,2026.10.7,水,ノーブルスカイ,,牡,高柳大輔,85.6,68.2,53.2,38.0,23.7,11.6,17.4,15.0,15.2,14.3,12.1,11.6
栗東,20261008,2026.10.8,木,ノクナレア,,牝,今野貞一,89.2,72.1,54.7,38.0,23.0,11.7,17.1,17.4,16.7,15.0,11.3,11.7
栗東,20261006,2026.10.6,火,パーヴォ,,牡,吉田直弘,,97.4,72.9,53.5,36.0,17.6,,24.5,19.4,17.5,18.4,17.6
栗東,20261006,2026.10.6,火,パーヴォ,,牡,吉田直弘,83.8,68.7,53.2,37.5,23.3,11.2,15.1,15.5,15.7,14.2,12.1,11.2
栗東,20261009,2026.10.9,金,パーヴォ,,牡,吉田直弘,,,67.7,48.2,31.0,15.1,,,19.5,17.2,15.9,15.1
栗東,20261007,2026.10.7,水,パールフロント,,牝,寺島良,84.0,67.4,52.6,37.5,23.7,11.5,16.6,14.8,15.1,13.8,12.2,11.5
美浦,20261006,2026.10.6,火,ハイランドウインド,,牡,杉浦宏昭,115.1,94.4,73.8,53.5,34.3,16.7,20.7,20.6,20.3,19.2,17.6,16.7
栗東,20261006,2026.10.6,火,ハイロード,,牡,浜田多実,,92.8,70.6,50.5,32.5,15.5,,22.2,20.1,18.0,17.0,15.5
栗東,20261007,2026.10.7,水,ハギノアルデバラン,,牡,佐藤悠太,83.0,66.9,51.9,36.6,22.8,11.4,16.1,15.0,15.3,13.8,11.4,11.4
栗東,20261007,2026.10.7,水,ハギノコラソン,Ｃ,牝,寺島良,83.6,66.6,51.5,36.1,23.3,12.0,17.0,15.1,15.4,12.8,11.3,12.0
美浦,20261008,2026.10.8,木,パッションノーヴァ,,牡,武藤善則,86.2,68.4,52.9,37.9,24.2,11.7,17.8,15.5,15.0,13.7,12.5,11.7
栗東,20261007,2026.10.7,水,バッハアルプゼー,,牡,橋口慎介,,,52.4,36.5,22.7,11.4,,,15.9,13.8,11.3,11.4
美浦,20261007,2026.10.7,水,ハナコ,,牝,嘉藤貴行,82.9,66.9,51.6,37.4,23.9,11.4,16.0,15.3,14.2,13.5,12.5,11.4
栗東,20261006,2026.10.6,火,ハナナ,,牝,矢作芳人,113.4,95.1,76.2,57.4,38.4,19.9,18.3,18.9,18.8,19.0,18.5,19.9
栗東,20261006,2026.10.6,火,ハヤブサカツオー,,牡,岡田稲男,,88.4,68.1,48.9,31.2,15.3,,20.3,19.2,17.7,15.9,15.3
栗東,20261007,2026.10.7,水,ハヤブサカツオー,,牡,岡田稲男,82.6,67.9,53.6,38.2,24.1,12.3,14.7,14.3,15.4,14.1,11.8,12.3
栗東,20261010,2026.10.10,土,ハヤブサカツオー,,牡,岡田稲男,,,72.6,51.6,32.6,16.1,,,21.0,19.0,16.5,16.1
栗東,20261007,2026.10.7,水,ハワイアンティアレ,,牝,松永幹夫,80.9,65.4,50.9,37.1,23.8,12.1,15.5,14.5,13.8,13.3,11.7,12.1
美浦,20261007,2026.10.7,水,ハントクス,,牝,辻哲英,87.4,70.1,55.0,40.5,26.2,12.6,17.3,15.1,14.5,14.3,13.6,12.6
美浦,20261007,2026.10.7,水,ピースヒロフェイス,,牝,牧光二,85.7,69.2,53.9,38.4,24.4,12.2,16.5,15.3,15.5,14.0,12.2,12.2
美浦,20261008,2026.10.8,木,ピコテンダー,,牝,上原佑紀,83.8,67.2,53.3,39.0,25.3,12.4,16.6,13.9,14.3,13.7,12.9,12.4
栗東,20261007,2026.10.7,水,ヒメハッカ,,牝,寺島良,85.7,70.3,54.7,38.3,23.6,11.6,15.4,15.6,16.4,14.7,12.0,11.6
美浦,20261006,2026.10.6,火,フィールザウィル,,牝,伊藤大士,,,135.3,100.9,67.2,33.1,,,34.4,33.7,34.1,33.1
美浦,20261007,2026.10.7,水,フィールザウィル,,牝,伊藤大士,83.6,67.0,52.1,37.8,23.9,11.3,16.6,14.9,14.3,13.9,12.6,11.3
栗東,20261006,2026.10.6,火,プウスカンドゥール,,牝,坂口智康,102.8,85.2,66.7,48.5,31.8,15.9,17.6,18.5,18.2,16.7,15.9,15.9
美浦,20261007,2026.10.7,水,フウセツ,,牡,鈴木慎太,84.7,66.7,51.6,37.1,23.9,11.9,18.0,15.1,14.5,13.2,12.0,11.9
栗東,20261010,2026.10.10,土,フェアリーライク,,牝,笹田和秀,,,72.0,51.8,32.7,15.8,,,20.2,19.1,16.9,15.8
美浦,20261007,2026.10.7,水,フェスティヴガッツ,,牡,清水英克,81.8,65.9,51.6,37.2,24.0,12.0,15.9,14.3,14.4,13.2,12.0,12.0
美浦,20261007,2026.10.7,水,フジガイフウ,,牡,岩戸孝樹,83.8,68.3,52.4,37.4,23.7,11.4,15.5,15.9,15.0,13.7,12.3,11.4
美浦,20261007,2026.10.7,水,フミサウンド,,牡,鹿戸雄一,86.1,67.9,52.5,37.6,24.0,11.7,18.2,15.4,14.9,13.6,12.3,11.7
栗東,20261008,2026.10.8,木,ブラックレジェンド,,牡,寺島良,85.6,70.0,54.4,38.4,24.2,12.0,15.6,15.6,16.0,14.2,12.2,12.0
美浦,20261007,2026.10.7,水,ブルーミーティア,,牡,鈴木伸尋,83.8,67.6,52.6,37.9,24.2,11.9,16.2,15.0,14.7,13.7,12.3,11.9
栗東,20261006,2026.10.6,火,ブルーミングローズ,,牝,高野友和,112.3,92.2,72.7,53.5,34.8,17.3,20.1,19.5,19.2,18.7,17.5,17.3
美浦,20261007,2026.10.7,水,ブルームコード,,牝,小島茂之,122.9,101.7,55.2,39.7,24.9,11.7,21.2,46.5,15.5,14.8,13.2,11.7
美浦,20261007,2026.10.7,水,ブレスドナイル,,牝,金成貴史,84.3,66.5,51.6,37.3,23.9,11.9,17.8,14.9,14.3,13.4,12.0,11.9
美浦,20261007,2026.10.7,水,ベアフラッシュ,,牝,千葉直人,86.2,69.0,54.0,39.0,24.3,11.3,17.2,15.0,15.0,14.7,13.0,11.3
栗東,20261007,2026.10.7,水,ペイシャシス,,牝,加藤公太,,,53.4,37.1,23.3,11.1,,,16.3,13.8,12.2,11.1
美浦,20261007,2026.10.7,水,ペネトレイトゴー,,セ,戸田博文,90.1,71.4,55.1,39.4,24.9,11.8,18.7,16.3,15.7,14.5,13.1,11.8
栗東,20261007,2026.10.7,水,ベルウェザー,,牡,茶木太樹,84.2,68.8,53.7,37.6,23.1,11.3,15.4,15.1,16.1,14.5,11.8,11.3
美浦,20261007,2026.10.7,水,ベルグラース,,牝,浅利英明,83.9,67.4,52.3,37.6,24.1,11.8,16.5,15.1,14.7,13.5,12.3,11.8
美浦,20261008,2026.10.8,木,ベルビースタローン,,牝,戸田博文,85.3,69.1,53.7,38.9,24.7,11.8,16.2,15.4,14.8,14.2,12.9,11.8
美浦,20261006,2026.10.6,火,ホールノート,,牝,尾関知人,,,78.0,57.1,37.0,18.2,,,20.9,20.1,18.8,18.2
美浦,20261010,2026.10.10,土,ホールノート,,牝,尾関知人,110.9,88.8,68.9,50.1,32.8,15.8,22.1,19.9,18.8,17.3,17.0,15.8
栗東,20261007,2026.10.7,水,ボンボンベイビー,,牡,矢作芳人,83.6,69.2,54.7,39.4,24.5,12.2,14.4,14.5,15.3,14.9,12.3,12.2
美浦,20261007,2026.10.7,水,マイオーラ,,牡,松尾卓哉,80.7,65.5,51.5,37.8,24.8,12.5,15.2,14.0,13.7,13.0,12.3,12.5
美浦,20261007,2026.10.7,水,マイネルアウルム,,牡,伊藤伸一,82.3,66.7,51.6,37.3,24.1,12.0,15.6,15.1,14.3,13.2,12.1,12.0
美浦,20261007,2026.10.7,水,マイネルヘルリッヒ,,牡,清水英克,90.1,71.2,54.8,39.2,24.9,12.2,18.9,16.4,15.6,14.3,12.7,12.2
栗東,20261006,2026.10.6,火,マイリトルヒーロー,,牡,高橋康之,,128.4,96.8,70.7,46.1,22.6,,31.6,26.1,24.6,23.5,22.6
栗東,20261007,2026.10.7,水,マイリトルヒーロー,,牡,高橋康之,83.8,68.5,53.8,38.1,23.9,12.0,15.3,14.7,15.7,14.2,11.9,12.0
栗東,20261009,2026.10.9,金,マイリトルヒーロー,,牡,高橋康之,,,108.2,79.7,52.4,26.5,,,28.5,27.3,25.9,26.5
栗東,20261010,2026.10.10,土,マイリトルヒーロー,,牡,高橋康之,,,116.7,85.9,56.2,27.6,,,30.8,29.7,28.6,27.6
美浦,20261007,2026.10.7,水,マサノユニコーン,,牡,小島茂之,128.4,111.0,55.0,39.6,24.8,11.7,17.4,56.0,15.4,14.8,13.1,11.7
栗東,20261009,2026.10.9,金,マトラコーニッシュ,,牝,池添学,,,72.1,52.2,33.8,16.9,,,19.9,18.4,16.9,16.9
美浦,20261007,2026.10.7,水,マリブオレンジ,,牝,戸田博文,89.2,68.8,52.6,37.8,23.8,11.3,20.4,16.2,14.8,14.0,12.5,11.3
美浦,20261006,2026.10.6,火,ミアネーロ,,牝,林徹,136.9,113.1,89.4,65.9,42.9,21.2,23.8,23.7,23.5,23.0,21.7,21.2
美浦,20261007,2026.10.7,水,ミアネーロ,,牝,林徹,82.2,66.4,51.2,36.7,23.4,11.4,15.8,15.2,14.5,13.3,12.0,11.4
栗東,20261006,2026.10.6,火,ミッキージュエリー,Ｚ,牝,中内田充,,79.8,61.9,45.3,29.2,14.4,,17.9,16.6,16.1,14.8,14.4
栗東,20261010,2026.10.10,土,ミッキージュエリー,Ｚ,牝,中内田充,,,62.9,46.0,29.8,14.9,,,16.9,16.2,14.9,14.9
美浦,20261007,2026.10.7,水,ミュークチェルシー,,牝,稲垣幸雄,86.0,69.0,53.6,39.2,25.2,12.5,17.0,15.4,14.4,14.0,12.7,12.5
美浦,20261006,2026.10.6,火,ミラビリスマジック,,牝,千葉直人,,,71.4,51.4,32.9,16.1,,,20.0,18.5,16.8,16.1
美浦,20261008,2026.10.8,木,ミラビリスマジック,,牝,千葉直人,85.5,67.7,52.2,37.5,23.7,11.6,17.8,15.5,14.7,13.8,12.1,11.6
栗東,20261009,2026.10.9,金,ムイ,,牝,笹田和秀,,,66.0,46.7,29.2,14.3,,,19.3,17.5,14.9,14.3
栗東,20261009,2026.10.9,金,メイショウオグマ,,セ,安達昭夫,102.1,81.6,64.3,47.4,30.7,15.4,20.5,17.3,16.9,16.7,15.3,15.4
栗東,20261010,2026.10.10,土,メイショウオグマ,,セ,安達昭夫,98.9,81.4,64.8,47.6,30.5,15.3,17.5,16.6,17.2,17.1,15.2,15.3
栗東,20261007,2026.10.7,水,メイショウドライブ,,牝,鈴木孝志,84.4,68.6,54.0,38.3,23.7,11.4,15.8,14.6,15.7,14.6,12.3,11.4
栗東,20261007,2026.10.7,水,メイショウノゾミ,,牝,本田優,82.3,66.0,51.3,37.1,23.8,12.3,16.3,14.7,14.2,13.3,11.5,12.3
栗東,20261006,2026.10.6,火,メイショウハンター,,牡,長谷川浩,105.8,87.8,69.8,50.7,31.9,16.2,18.0,18.0,19.1,18.8,15.7,16.2
栗東,20261007,2026.10.7,水,メイショウハンター,,牡,長谷川浩,85.9,69.9,54.7,40.4,26.1,12.7,16.0,15.2,14.3,14.3,13.4,12.7
栗東,20261009,2026.10.9,金,メイショウハンター,,牡,長谷川浩,105.2,86.6,68.7,50.6,32.9,16.6,18.6,17.9,18.1,17.7,16.3,16.6
栗東,20261010,2026.10.10,土,メイショウハンター,,牡,長谷川浩,104.8,86.9,69.7,51.5,33.5,16.6,17.9,17.2,18.2,18.0,16.9,16.6
美浦,20261006,2026.10.6,火,メヌフォーコン,,牝,千葉直人,,,75.8,55.2,36.1,17.8,,,20.6,19.1,18.3,17.8
美浦,20261007,2026.10.7,水,メヌフォーコン,,牝,千葉直人,87.1,69.5,54.4,39.4,24.7,11.6,17.6,15.1,15.0,14.7,13.1,11.6
栗東,20261010,2026.10.10,土,メネルブ,,牝,中尾秀正,,,71.1,52.5,34.0,16.8,,,18.6,18.5,17.2,16.8
栗東,20261006,2026.10.6,火,モアリジット,,牡,西村真幸,101.7,84.5,67.0,47.9,29.8,14.6,17.2,17.5,19.1,18.1,15.2,14.6
栗東,20261006,2026.10.6,火,モアリジット,,牡,西村真幸,90.7,76.6,61.5,45.2,29.5,15.0,14.1,15.1,16.3,15.7,14.5,15.0
栗東,20261007,2026.10.7,水,モアリジット,,牡,西村真幸,83.5,68.3,53.0,38.4,24.3,12.0,15.2,15.3,14.6,14.1,12.3,12.0
栗東,20261009,2026.10.9,金,モアリジット,,牡,西村真幸,113.7,95.0,75.9,55.9,36.0,17.8,18.7,19.1,20.0,19.9,18.2,17.8
栗東,20261007,2026.10.7,水,モズカトレア,,牝,井上智史,83.4,66.8,51.3,36.8,23.4,11.5,16.6,15.5,14.5,13.4,11.9,11.5
栗東,20261007,2026.10.7,水,モックモック,Ｃ,牡,寺島良,84.7,69.0,53.3,37.5,23.2,11.3,15.7,15.7,15.8,14.3,11.9,11.3
美浦,20261007,2026.10.7,水,ユイノゲリラゴウウ,,牡,深山雅史,84.7,67.1,52.3,37.8,23.9,11.7,17.6,14.8,14.5,13.9,12.2,11.7
美浦,20261007,2026.10.7,水,ユウミンジザイ,,牝,小手川準,87.2,69.7,53.8,39.1,25.2,12.5,17.5,15.9,14.7,13.9,12.7,12.5
美浦,20261006,2026.10.6,火,ライカ,,牡,杉浦宏昭,124.8,102.8,80.5,59.1,38.4,18.9,22.0,22.3,21.4,20.7,19.5,18.9
美浦,20261008,2026.10.8,木,ライカ,,牡,杉浦宏昭,87.4,67.5,52.1,38.0,24.9,12.3,19.9,15.4,14.1,13.1,12.6,12.3
美浦,20261007,2026.10.7,水,ラインジーク,,牡,水野貴広,87.5,69.0,52.7,37.6,23.7,11.9,18.5,16.3,15.1,13.9,11.8,11.9
栗東,20261007,2026.10.7,水,ラヴァブル,,牝,松下武士,84.7,70.1,55.0,39.7,24.9,12.5,14.6,15.1,15.3,14.8,12.4,12.5
美浦,20261007,2026.10.7,水,ラヴァブルロマン,,牝,伊藤圭三,98.6,69.5,53.7,38.2,24.7,12.1,29.1,15.8,15.5,13.5,12.6,12.1
栗東,20261006,2026.10.6,火,ラヴェニュー,,牡,友道康夫,,86.7,66.2,48.1,31.1,15.3,,20.5,18.1,17.0,15.8,15.3
栗東,20261006,2026.10.6,火,ラッキーダイヤ,,牡,牧田和弥,102.1,85.5,69.0,51.6,32.8,15.8,16.6,16.5,17.4,18.8,17.0,15.8
栗東,20261009,2026.10.9,金,ラッキーダイヤ,,牡,牧田和弥,93.4,76.7,61.3,45.7,29.8,14.9,16.7,15.4,15.6,15.9,14.9,14.9
美浦,20261007,2026.10.7,水,ラニアケア,,牡,堀宣行,,,51.3,36.3,23.8,11.9,,,15.0,12.5,11.9,11.9
美浦,20261007,2026.10.7,水,リオフラウス,,牝,矢野英一,86.6,66.9,51.2,37.0,24.0,11.9,19.7,15.7,14.2,13.0,12.1,11.9
美浦,20261008,2026.10.8,木,リゾートアイランド,,牡,上原佑紀,85.1,67.9,52.6,38.0,24.0,11.6,17.2,15.3,14.6,14.0,12.4,11.6
栗東,20261006,2026.10.6,火,ルートサーティーン,,牡,辻野泰之,120.2,96.1,73.5,52.2,33.0,16.7,24.1,22.6,21.3,19.2,16.3,16.7
栗東,20261007,2026.10.7,水,ルートサーティーン,,牡,辻野泰之,,,52.8,37.0,22.9,11.1,,,15.8,14.1,11.8,11.1
栗東,20261010,2026.10.10,土,ルートサーティーン,,牡,辻野泰之,,,84.4,55.3,33.8,16.4,,,29.1,21.5,17.4,16.4
栗東,20261007,2026.10.7,水,ルーモマカーリ,,牡,今野貞一,85.2,69.6,54.6,39.0,24.4,12.2,15.6,15.0,15.6,14.6,12.2,12.2
栗東,20261007,2026.10.7,水,ルディシャ,,牡,森田直行,,,78.0,56.6,37.0,18.4,,,21.4,19.6,18.6,18.4
栗東,20261007,2026.10.7,水,ルファーダ,,牡,大根田裕,,,63.4,46.2,29.8,15.1,,,17.2,16.4,14.7,15.1
栗東,20261008,2026.10.8,木,ルファーダ,,牡,大根田裕,84.0,69.0,54.0,38.3,23.9,11.7,15.0,15.0,15.7,14.4,12.2,11.7
栗東,20261007,2026.10.7,水,レアンダー,,牡,大根田裕,82.9,66.4,51.7,36.7,23.0,11.7,16.5,14.7,15.0,13.7,11.3,11.7
美浦,20261007,2026.10.7,水,レイアポポ,,牝,青木孝文,84.8,68.1,53.9,40.2,25.8,12.5,16.7,14.2,13.7,14.4,13.3,12.5
美浦,20261007,2026.10.7,水,レヴフィリア,,牝,伊藤圭三,87.0,68.8,52.0,36.7,23.8,12.0,18.2,16.8,15.3,12.9,11.8,12.0
栗東,20261007,2026.10.7,水,レガーメフォルテ,,牡,新谷功一,,,53.0,37.2,22.6,11.4,,,15.8,14.6,11.2,11.4
美浦,20261007,2026.10.7,水,レッドラパルマ,,セ,平岩大典,85.8,68.1,51.3,36.6,23.7,11.9,17.7,16.8,14.7,12.9,11.8,11.9
美浦,20261008,2026.10.8,木,レッドレナート,,牡,手塚貴徳,89.0,71.3,56.0,40.3,25.4,12.1,17.7,15.3,15.7,14.9,13.3,12.1
美浦,20261007,2026.10.7,水,レディサン,,牝,栗田徹,83.7,66.4,52.0,38.3,25.1,12.6,17.3,14.4,13.7,13.2,12.5,12.6
栗東,20261009,2026.10.9,金,ロイスター,,牝,笹田和秀,,,67.0,47.8,30.1,14.7,,,19.2,17.7,15.4,14.7
栗東,20261010,2026.10.10,土,ロイスター,,牝,笹田和秀,,,71.8,51.1,31.9,14.9,,,20.7,19.2,17.0,14.9
美浦,20261007,2026.10.7,水,ロードアマデウス,,牡,嘉藤貴行,84.1,67.5,52.2,37.2,23.7,11.7,16.6,15.3,15.0,13.5,12.0,11.7
美浦,20261010,2026.10.10,土,ロードアマデウス,,牡,嘉藤貴行,,,68.9,50.2,33.3,16.4,,,18.7,16.9,16.9,16.4
美浦,20261006,2026.10.6,火,ローブリッター,,牝,尾関知人,,,78.8,56.8,36.1,17.7,,,22.0,20.7,18.4,17.7
美浦,20261010,2026.10.10,土,ローブリッター,,牝,尾関知人,110.4,88.6,68.6,50.1,32.7,15.8,21.8,20.0,18.5,17.4,16.9,15.8
美浦,20261007,2026.10.7,水,ロジリッキー,,牡,新開幸一,84.3,67.8,53.3,38.4,24.5,12.1,16.5,14.5,14.9,13.9,12.4,12.1
美浦,20261007,2026.10.7,水,ワタシマツワ,,牝,竹内正洋,85.1,66.8,51.4,37.4,24.3,12.4,18.3,15.4,14.0,13.1,11.9,12.4
