京5,芝,2000,8, アーケントレイル,(栗),矢作芳人,坂井瑠星,3,,4,4,33,4,35,2,67,2,181,2,,コントレイル,,,初走
東5,芝,2000,1, アースグレイジング,(美),杉浦宏昭,木幡巧也,9,,1,10,20,9,21,9,39,11,119,9,,ブリックスアンドモルタル,,,初走
東1,ダ,1600,8,*アイビーナツユメ,(美),牧光二,木幡巧也,10,,2,8,21,8,28,12,45,8,105,8,,Mendelssohn,中,中団,2
東1,ダ,1600,11, アイファーエリース,(美),蛯名利弘,松岡正海,9,,1,13,21,8,52,6,32,15,101,9,,アイファーソング,後,後方,3
京1,ダ,1200,9, アイルエクラ,(栗),新谷功一,松若風馬,14,,2,9,17,11,33,10,36,12,60,12,,クリソベリル,中,中団,連闘
東5,芝,2000,2, アインザッツ,(美),宮田敬介,川田将雅,4,,2,7,40,1,39,2,54,5,142,4,,ルーラーシップ,,,初走
京10,芝,1600,7,*アヴィオン,(栗),岡田稲男,菱田裕二,2,Ｚ,4,3,59,1,67,4,56,11,106,8,,"Night of Thunder",逃,逃げ,16
京9,ダ,1200,12, アオイレーギーナ,(栗),宮地貴稔,幸英明,5,,5,2,55,2,63,2,53,10,113,7,,リアルスティール,先,先行,4
東7,ダ,1600,15, アクアマーズ,(美),浅利英明,荻野極,2,Ｃ,2,4,54,4,69,1,126,1,221,1,,アドマイヤマーズ,先,先行,16
東10,ダ,1400,16, アジアミッション,(栗),緒方努,丸田恭介,15,,1,14,10,15,41,9,49,16,35,16,,アジアエクスプレス,後,後方,21
東10,ダ,1400,2, アスクアイルビゼア,(栗),矢作芳人,横山武史,4,,2,6,49,3,36,10,59,13,85,10,,キズナ,先,先行,21
東1,ダ,1600,4, アテナプロマコス,(美),和田勇介,菊沢一樹,12,,1,13,12,12,19,13,58,7,82,11,,ジャスタウェイ,後,後方,連闘
東12,ダ,1300,5, アルジェンタージョ,(美),伊藤圭三,佐藤翔馬,10,,2,7,21,11,38,7,83,4,118,7,,レッドファルクス,中,中団,7
京10,芝,1600,1, アルトゥーム,(栗),藤岡健一,角田大和,16,,1,14,8,16,30,12,18,17,30,17,,モーリス,後,後方,2
京5,芝,2000,4, アルバドラータ,(栗),小栗実,国分恭介,7,,1,10,20,9,22,8,41,7,117,9,,ゴールドシップ,,,初走
京6,ダ,1800,7, アルビオン,(栗),笹田和秀,西塚洸二,8,,1,14,12,14,38,10,59,15,68,13,,ダイワメジャー,後,後方,5
京3,ダ,1400,3, アルフェラッツ,(栗),渡辺薫彦,河原田菜,15,,1,16,8,16,6,16,37,15,104,16,,アルクトス,,,初走
東7,ダ,1600,4, アンシュウマト,(美),中川公成,三浦皇成,3,,2,4,59,2,62,2,87,9,141,5,,マクフィ,先,先行,3
京3,ダ,1400,12, アンジュエール,(栗),前川恭子,鮫島克駿,8,,2,9,20,9,23,6,42,14,117,11,,ダノンキングリー,,,初走
東8,芝,2400,11, アンビアンス,(栗),清水久詞,吉村誠之,16,,4,2,12,16,40,11,57,15,57,14,,キズナ,中,中団,3
東2,芝,1600,12, イツマデモマツワ,(美),深山雅史,木幡初也,9,,1,12,14,12,33,10,42,11,44,12,,マテラスカイ,中,中団,10
東12,ダ,1300,11, イノキ,(美),岩戸孝樹,菊沢一樹,16,,2,7,13,14,31,10,47,14,48,14,,ミスターメロディ,中,中団,5
東8,芝,2400,1, イブキ,(美),矢野英一,原優介,1,,2,7,31,9,66,4,131,1,236,3,,レイデオロ,後,後方,18
東8,芝,2400,2, イフルジャンス,(美),金成貴史,水沼元輝,13,,1,15,31,9,27,14,62,14,54,15,,ウインブライト,先,先行,26
京5,芝,2000,7, イムヴァブル,(栗),高橋亮,長岡禎仁,10,,1,10,12,11,12,11,31,11,105,11,,ルーラーシップ,,,初走
京4,ダ,2910,8, インターステラ,(美),天間昭一,江田勇亮,6,,2,4,42,3,19,8,65,5,131,7,,ダノンバラード,先,先行,4
東2,芝,1600,6, イントゥーザブルー,(美),清水英克,石橋脩,8,,3,2,33,6,43,7,96,2,173,2,,モズアスコット,中,中団,4
東1,ダ,1600,7, ヴァルブロッサ,(美),久保田貴,横山武史,4,,5,2,39,5,57,4,74,4,166,2,,カラヴァッジオ,中,中団,7
京8,ダ,1800,3, ヴァンアグレアブル,(栗),橋口慎介,幸英明,9,,2,12,34,7,49,5,98,3,173,3,,ルヴァンスレーヴ,中,中団,11
東7,ダ,1600,3, ヴァンデスペランス,(美),中舘英二,吉村誠之,6,,2,4,24,9,32,9,94,7,121,8,,ドレフォン,中,中団,13
京2,芝,2000,8, ウィナーズチェック,(美),和田勇介,松山弘平,4,,2,6,38,6,37,9,101,3,202,3,,ダノンバラード,－,不明,4
京4,ダ,2910,9, ウインシュクラン,(美),和田正一,上野翔,1,,2,4,53,2,30,3,60,8,126,9,,スクリーンヒーロー,先,先行,6
京11,ダ,1800,7, ヴィンセンシオ,(美),森一誠,吉田隼人,4,,6,1,47,6,29,10,81,6,107,12,,リアルスティール,先,先行,35
東2,芝,1600,3, ウインドピット,(美),尾形和幸,小林美駒,6,,2,5,19,11,27,11,58,9,87,9,,リオンディーズ,後,後方,連闘
東11,芝,1800,9, ウイントワイライト,(栗),西園翔太,横山典弘,7,Ｚ,4,5,18,15,47,6,82,11,61,14,,レイデオロ,後,追込,16
京3,ダ,1400,10, ウインブリーズ,(栗),宮本博,田山旺佑,7,,6,1,22,7,21,8,74,2,171,2,,ルヴァンスレーヴ,,,初走
京12,芝,1600,16, ウインラウダ,(栗),梅田智之,田山旺佑,12,,1,15,32,7,30,12,93,6,188,4,,マクフィ,先,先行,2
東3,芝,2000,2, ヴェルバーニア,(美),手塚貴久,ルメール,1,,2,3,41,3,72,1,83,3,127,7,,キタサンブラック,マ,ﾏｸﾘ,12
京10,芝,1600,15, ウォータークラーク,(栗),石橋守,幸英明,8,,3,5,27,11,30,12,38,16,61,12,,ウォータービルド,中,中団,2
京12,芝,1600,7, ウォーターデライト,(栗),高柳大輔,鮫島克駿,7,,7,1,21,12,30,12,71,12,82,15,,ロードカナロア,中,中団,10
東8,芝,2400,10, ヴォートセレスト,(美),奥村武,石川裕紀,6,,7,1,44,4,41,10,128,2,209,4,,コントレイル,先,先行,18
東8,芝,2400,14, ウルフマン,(美),手塚貴久,津村明秀,4,,3,4,54,2,68,2,114,4,238,1,,フィエールマン,先,先行,21
京8,ダ,1800,2, ヴンダーバール,(美),斎藤誠,斎藤新,1,,4,4,57,2,63,3,86,5,131,6,,ナダル,先,先行,3
京8,ダ,1800,12, エアニゲラ,(栗),池添学,松山弘平,6,,6,1,67,1,67,2,86,5,172,4,,アルアイン,逃,逃げ,10
東10,ダ,1400,13, エイプリルインパリ,(栗),高橋義忠,小崎綾也,13,,2,6,32,11,14,15,64,12,88,8,,リオンディーズ,先,先行,18
東9,芝,1600,4, エーデルヴェーグ,(栗),田中克典,川田将雅,3,,3,8,40,4,70,3,76,7,155,5,,サートゥルナーリア,中,差し,6
京12,芝,1600,8, エグジスタンス,(栗),奥村豊,田口貫太,9,,5,7,30,10,62,3,118,2,220,1,,フィエールマン,中,差し,10
東6,ダ,1400,14, エスシーレイジュ,(美),松山将樹,大野拓弥,16,,3,7,25,7,28,13,91,9,130,9,,シャンハイボビー,中,中団,14
京12,芝,1600,14, エスティヴァリス,(栗),高橋康之,酒井学,15,,3,11,13,15,15,16,58,15,30,16,,マインドユアビスケッツ,中,中団,3
京8,ダ,1800,4, エターナルプロミス,(栗),茶木太樹,亀田温心,11,,3,7,12,15,28,13,54,12,66,12,,ドレフォン,中,中団,11
京4,ダ,2910,2, エナジーグラン,(栗),高橋康之,難波剛健,9,,1,9,22,7,18,9,64,6,131,7,,ジャングルポケット,中,中団,6
京10,芝,1600,16, エポックヴィーナス,(栗),新谷功一,田山旺佑,3,,2,9,22,13,54,6,93,5,150,2,,ヴィクトワールピサ,後,追込,4
東9,芝,1600,12,$エラルディーク,(美),宮田敬介,荻野極,2,Ｎ,6,2,35,6,69,4,74,9,116,7,,Sottsass,中,差し,9
京8,ダ,1800,10, オーケアニス,(栗),松永幹夫,北村友一,3,,5,2,31,9,26,14,61,10,87,11,,ロードカナロア,中,中団,20
京7,芝,1800,3, オーシンエス,(栗),宮徹,河原田菜,8,,1,9,21,9,37,10,77,9,161,3,,デクラレーションオブウォー,中,中団,4
東4,ダ,1600,5, オーバーゼア,(美),伊藤伸一,遠藤汰月,14,,1,14,10,13,8,15,37,15,107,12,,サンダースノー,,,初走
東12,ダ,1300,10, オカメノコイ,(美),小笠倫弘,吉村誠之,11,,2,7,21,11,56,3,83,4,83,9,,パイロ,後,後方,7
京8,ダ,1800,8, オデット,(栗),緒方努,河原田菜,7,,5,2,33,8,38,9,78,7,89,9,,ラブリーデイ,先,先行,11
東8,芝,2400,7, オニノウタゲ,(美),和田雄二,原田和真,17,,2,7,31,9,8,17,17,17,23,17,,キセキ,先,先行,6
東7,ダ,1600,16, オブシディアン,(美),石栗龍彦,菅原隆一,16,,1,14,9,16,12,16,49,15,55,13,,ホッコータルマエ,後,後方,連闘
東8,芝,2400,12, オメガストリーム,(美),田中勝春,石田拓郎,15,,1,15,37,5,19,15,65,13,76,13,,アルアイン,逃,逃げ,12
京2,芝,2000,3, オンユアマークス,(栗),松永幹夫,武豊,1,,5,2,61,1,69,1,79,6,148,6,,キズナ,先,先行,17
東6,ダ,1400,15, カーボフリオ,(美),高木登,小林美駒,5,,3,7,11,13,29,12,70,13,144,6,,ナダル,中,中団,4
東7,ダ,1600,5, カーマンライン,(美),小島茂之,江田照男,7,,1,14,11,14,40,8,54,13,44,16,,ネオユニヴァース,後,後方,4
京7,芝,1800,11, カーメルタザイト,(栗),安田翔伍,斎藤新,10,,3,5,24,7,42,8,101,3,155,6,,サトノダイヤモンド,後,後方,20
東3,芝,2000,1, カシノデスティニー,(美),和田雄二,伊藤工真,12,,2,3,14,11,20,13,39,13,101,12,,タニノフランケル,中,中団,2
京8,ダ,1800,16, カスバートテソーロ,(美),畠山吉宏,吉田隼人,16,,2,12,25,11,40,8,42,14,37,15,,ゴールドアクター,後,後方,3
東11,芝,1800,5,*カネラフィーナ,(美),手塚貴久,石川裕紀,8,,3,9,34,8,49,5,118,5,194,4,,Frankel,中,中団,8
京7,芝,1800,4, カフジキアッキエレ,(栗),森田直行,田口貫太,7,,1,9,18,10,39,9,52,10,102,10,,モーリス,後,後方,7
東11,芝,1800,16, カムニャック,(栗),友道康夫,川田将雅,1,,4,5,43,4,60,2,135,1,200,2,,ブラックタイド,中,差し,21
東10,ダ,1400,7, カルパ,(栗),須貝尚介,ルメール,1,,4,1,41,7,70,2,77,7,153,3,,モーリス,中,差し,3
京8,ダ,1800,15, カルミアクラウン,(栗),吉岡辰弥,小沢大仁,10,,3,7,42,4,50,4,99,2,176,2,,サトノクラウン,先,先行,9
京9,ダ,1200,14, カワキタマナレア,(栗),杉山佳明,斎藤新,8,,2,13,24,12,40,11,73,4,78,11,,ヘニーヒューズ,中,中団,11
東10,ダ,1400,5,$ガンウルフ,(栗),藤岡健一,Ｍ．デム,7,,3,4,42,5,24,13,102,2,149,4,,"Gun Runner",先,先行,19
東5,芝,2000,6, カンキチ,(美),菊沢隆徳,菊沢一樹,11,,4,2,18,10,18,11,41,10,109,10,,シュヴァルグラン,,,初走
東1,ダ,1600,5, カンタベリートップ,(美),石栗龍彦,木幡初也,8,,3,3,12,12,46,9,35,14,46,14,,リアルスティール,後,後方,3
京6,ダ,1800,3, キタノシャカール,(栗),吉田直弘,松若風馬,12,,2,12,24,8,49,8,86,10,189,7,,ニューイヤーズデイ,中,中団,26
東1,ダ,1600,10, キャミソール,(美),深山雅史,小林美駒,7,,1,13,14,11,31,11,45,8,48,13,,チュウワウィザード,中,中団,3
東10,ダ,1400,1, キョウエイカンセ,(美),萱野浩二,津村明秀,8,,2,6,33,10,68,3,100,3,189,1,,ビッグアーサー,後,追込,16
東12,ダ,1300,16, キョウエイカンフ,(美),勢司和浩,横山和生,9,,2,7,21,11,60,2,82,6,126,6,,アジアエクスプレス,後,後方,5
東12,ダ,1300,3, キョウエイスレーヴ,(美),萱野浩二,長浜鴻緒,12,,1,13,11,16,17,14,66,9,53,13,,ルヴァンスレーヴ,後,後方,19
京3,ダ,1400,6, ギョニソ,(栗),須貝尚介,今村聖奈,3,,4,5,30,5,34,4,52,9,144,5,,ドレフォン,,,初走
東4,ダ,1600,14, ギルデッドグロス,(美),黒岩陽一,ルメール,1,,2,5,41,1,40,1,53,9,126,10,,クリソベリル,,,初走
京10,芝,1600,12, キングメーカー,(栗),須貝尚介,武豊,4,,4,3,29,9,34,11,101,2,137,5,,スワーヴリチャード,後,後方,10
東11,芝,1800,3, クイーンズウォーク,(栗),中内田充,西村淳也,2,Ｚ,5,3,39,6,58,4,125,4,220,1,,キズナ,中,差し,21
京9,ダ,1200,5, クインズシフォン,(美),和田正一,吉田隼人,15,,4,5,19,13,47,6,36,15,35,15,,デクラレーションオブウォー,後,追込,8
東10,ダ,1400,3, クインズデネブ,(美),小島茂之,吉田豊,9,,2,6,19,14,52,6,74,8,87,9,,カレンブラックヒル,後,後方,18
東9,芝,1600,5, クールデイトナ,(栗),宮地貴稔,吉村誠之,5,,5,4,42,2,51,6,104,1,183,1,,フォーウィールドライブ,先,先行,17
京10,芝,1600,13, クスクス,(栗),松下武士,酒井学,11,,2,9,47,2,50,7,55,12,63,11,,リーチザクラウン,逃,逃げ,12
東6,ダ,1400,2, グラスハーティー,(美),松山将樹,上里直汰,11,,6,2,11,13,41,7,100,4,89,13,,ダノンプレミアム,後,後方,33
東11,芝,1800,4, クランフォード,(栗),杉山晴紀,菊沢一樹,14,,2,15,31,11,16,14,78,12,98,11,,ブリックスアンドモルタル,先,先行,5
京1,ダ,1200,6, グランモンターナ,(栗),井上智史,古川吉洋,1,,4,1,35,6,65,2,74,6,148,6,,ミスチヴィアスアレックス,中,差し,3
京7,芝,1800,1, グリュイエール,(栗),前川恭子,森田誠也,11,,1,9,18,10,35,11,30,11,48,11,,フォーウィールドライブ,後,後方,2
京6,ダ,1800,9, クリュギスト,(栗),松下武士,松山弘平,6,,3,5,42,4,71,1,96,7,199,6,,ホッコータルマエ,中,差し,29
京3,ダ,1400,13, クレセンティア,(栗),田中克典,坂井瑠星,6,,4,5,35,3,37,1,48,13,144,5,,ドレフォン,,,初走
東9,芝,1600,9, クレパスキュラー,(美),栗田徹,ルメール,1,,6,2,41,3,71,1,97,3,171,3,,リオンディーズ,中,中団,16
東5,芝,2000,9, グロリアススマイル,(美),小笠倫弘,戸崎圭太,6,,3,4,38,4,37,4,59,2,181,1,,キタサンブラック,,,初走
京4,ダ,2910,7, グロリアラウス,(栗),斉藤崇史,小牧加矢,2,,3,3,30,5,28,5,54,9,135,5,,リアルインパクト,後,後方,4
東10,ダ,1400,9, ゴールデンオスカー,(美),堀内岳志,松岡正海,16,,2,6,20,13,27,12,72,9,83,11,,スクリーンヒーロー,後,後方,10
京6,ダ,1800,11, ゴールデンスラム,(栗),池江泰寿,小沢大仁,13,,6,1,14,13,19,15,69,12,58,15,,ブリックスアンドモルタル,中,中団,14
京6,ダ,1800,2, ココロヅヨサ,(栗),田中克典,北村友一,1,,3,5,43,3,67,2,95,8,153,9,,コントレイル,中,差し,3
東2,芝,1600,4, コスモシグナス,(美),水野貴広,丹内祐次,4,,2,5,21,9,52,4,123,1,216,1,,ダノンバラード,後,後方,3
東2,芝,1600,8, コスモデュアリズム,(美),伊藤伸一,松岡正海,10,,2,5,21,9,37,9,60,8,85,10,,アルアイン,中,中団,4
京8,ダ,1800,1, コスモマルーン,(美),秋本大介,川須栄彦,15,,2,12,39,5,11,16,31,15,52,14,,ロージズインメイ,先,先行,6
京1,ダ,1200,3, コパノキャンペーン,(栗),渡辺薫彦,河原田菜,8,Ｃ,2,9,49,4,54,4,89,3,177,1,,ダノンスマッシュ,先,先行,3
京6,ダ,1800,8, コルヴァス,(栗),矢作芳人,坂井瑠星,9,,2,12,32,6,34,12,92,9,203,3,,キズナ,－,不明,11
京5,芝,2000,6, ゴルトクリーガー,(栗),西園翔太,松山弘平,1,,6,1,41,1,40,1,65,3,156,3,,サートゥルナーリア,,,初走
東8,芝,2400,9, ゴンファロニエーレ,(美),田中博康,ルメール,2,,2,7,62,1,72,1,95,8,152,8,,エピファネイア,先,先行,6
京1,ダ,1200,1, サウンドエフォート,(栗),安達昭夫,吉田隼人,10,,2,9,27,7,40,8,81,4,166,3,,ヘニーヒューズ,中,中団,2
京10,芝,1600,9, サクセスアイ,(栗),北出成人,藤懸貴志,14,,3,5,30,8,16,17,39,15,72,10,,ミッキーアイル,先,先行,4
京12,芝,1600,5,*サトノセプター,(栗),上村洋行,北村友一,8,,7,1,32,7,29,14,79,10,117,11,,Kingman,中,中団,27
東7,ダ,1600,2,$サマーマッドネス,(栗),森秀行,川田将雅,1,Ｍ,3,1,60,1,57,5,115,3,167,4,,"Good Magic",先,先行,24
東7,ダ,1600,1, サムワンライクユー,(美),佐藤吉勝,内田博幸,15,,2,4,16,12,31,10,66,12,54,14,,グレーターロンドン,後,後方,3
京7,芝,1800,9, サラコスティ,(栗),池添学,松山弘平,5,,4,4,39,5,69,2,82,8,157,4,,エピファネイア,中,差し,3
京4,ダ,2910,3, サラフィエル,(美),鈴木慎太,大江原圭,4,,2,4,58,1,29,4,61,7,152,3,,ヤマニンセラフィム,逃,逃げ,4
東1,ダ,1600,9,*サンクサンス,(栗),小栗実,吉村誠之,3,,2,8,29,6,64,3,65,6,152,4,,"American Pharoah",後,追込,7
東1,ダ,1600,13, サンクレセント,(美),伊藤圭三,佐々木大,11,,3,3,23,7,47,8,80,3,124,7,,ディスクリートキャット,中,中団,11
東8,芝,2400,3, サンセットビュー,(栗),新谷功一,岩田康誠,7,,2,7,47,3,57,7,107,7,179,7,,ドゥラメンテ,先,先行,18
東10,ダ,1400,14, サンドブラスト,(美),鈴木慎太,丹内祐次,10,,2,6,42,5,56,5,103,1,81,12,,モーニン,先,先行,19
京1,ダ,1200,11, ジーティーキャメル,(栗),宮地貴稔,田山旺佑,6,,3,7,22,8,40,8,77,5,84,10,,ロードカナロア,後,後方,16
京2,芝,2000,5, ジーティールーナ,(栗),緒方努,国分恭介,8,,3,4,24,7,43,7,40,8,95,9,,キタサンブラック,中,中団,3
東8,芝,2400,15,$シェンロン,(美),尾関知人,黛弘人,12,,2,7,11,17,15,16,93,9,138,11,,"Bricks and Mortar",後,後方,4
京1,ダ,1200,14, シガレス,(栗),武幸四郎,今村聖奈,7,,2,9,19,10,42,7,94,2,159,4,,マテラスカイ,後,後方,2
東9,芝,1600,2,$ジッピーレーサー,(美),天間昭一,木幡巧也,11,,4,6,12,12,45,9,67,12,61,12,,"City Zip",後,後方,4
京5,芝,2000,10, シャカニセッポウ,(栗),北出成人,秋山稔樹,5,,2,6,22,8,21,9,57,4,142,4,,エフフォーリア,,,初走
京6,ダ,1800,10,*ジャスティンダラス,(栗),杉山晴紀,高杉吏麒,4,,6,1,22,9,34,12,128,1,202,4,,"Gun Runner",中,中団,16
京5,芝,2000,1, ジャスティンニース,(栗),杉山晴紀,北村友一,2,,6,1,40,2,34,3,36,10,142,4,,エピファネイア,,,初走
東12,ダ,1300,6, ジャスティンルマン,(栗),杉山晴紀,戸崎圭太,4,,7,1,60,2,66,1,90,2,195,1,,スワーヴリチャード,先,先行,9
東12,ダ,1300,8, ジャックナダル,(美),伊坂重信,川田将雅,1,,4,3,62,1,48,4,94,1,127,5,,ナダル,先,先行,3
東10,ダ,1400,10, シャパリュ,(美),菊沢隆徳,三浦皇成,11,,4,1,39,8,21,14,66,11,42,15,,スワーヴリチャード,先,先行,18
東9,芝,1600,10, シャンパンマーク,(美),蛯名正義,大野拓弥,10,,3,8,23,10,40,11,85,6,89,11,,キズナ,中,差し,27
京11,ダ,1800,8, シュラザック,(栗),大根田裕,古川吉洋,9,,2,7,43,7,50,6,92,4,153,6,,モーニン,先,先行,13
東11,芝,1800,15, ジョスラン,(美),鹿戸雄一,ルメール,3,Ｃ,7,1,40,5,44,9,129,2,200,2,,エピファネイア,中,中団,21
京5,芝,2000,2, シルクウォード,(栗),庄野靖志,武豊,4,,5,3,37,3,34,3,88,1,183,1,,エピファネイア,－,不明,2
京1,ダ,1200,5, スイートモンブラン,(栗),松下武士,田口貫太,9,,2,9,13,13,33,10,16,15,59,13,,マテラスカイ,中,中団,3
京10,芝,1600,2,*スーサンアッシャー,(栗),鈴木孝志,城戸義政,17,,1,14,8,16,38,10,67,9,56,14,,Siyouni,後,後方,27
東1,ダ,1600,12, スードランダム,(美),伊坂重信,原田和真,15,,2,8,12,12,17,14,45,8,58,12,,アメリカンペイトリオット,後,後方,14
東6,ダ,1400,9, スタートレイン,(美),黒岩陽一,原優介,9,Ｃ,3,7,23,8,31,11,140,1,215,2,,キタサンブラック,中,中団,8
京8,ダ,1800,11,*ステアハート,(栗),新谷功一,田山旺佑,4,,4,4,50,3,32,10,88,4,189,1,,"Gun Runner",先,先行,11
京1,ダ,1200,4, スティルラブハー,(栗),杉山佳明,斎藤新,4,,4,1,55,2,61,3,74,6,122,8,,ミッキーアイル,先,先行,4
東1,ダ,1600,1, ステラガーネット,(美),栗田徹,横山和生,6,,6,1,50,3,56,5,44,11,128,6,,アルクトス,先,先行,10
京9,ダ,1200,3, ストラテージュ,(栗),荒川義之,菅原明良,10,,5,2,32,9,31,14,45,11,31,16,,モズアスコット,先,先行,17
東12,ダ,1300,2, ズバットマサムネ,(栗),杉山佳明,小崎綾也,15,,3,4,40,6,19,12,49,13,40,15,,キンシャサノキセキ,逃,逃げ,4
東10,ダ,1400,4, スペイドアン,(美),加藤士津,菊沢一樹,12,,1,14,8,16,8,16,50,15,62,14,,カリフォルニアクローム,後,後方,8
東2,芝,1600,5, セイウンウェルス,(美),伊藤大士,野中悠太,12,,2,5,33,6,21,12,31,12,52,11,,サトノクラウン,先,先行,連闘
京9,ダ,1200,16, セールヴォラン,(栗),北出成人,松若風馬,9,,2,13,15,14,32,13,63,8,47,13,,グァンチャーレ,中,中団,14
東11,芝,1800,10, セキトバイースト,(栗),四位洋文,浜中俊,5,,3,9,56,1,47,6,102,6,161,7,,デクラレーションオブウォー,逃,逃げ,16
東10,ダ,1400,8, セギレエルビエント,(美),伊坂重信,荻野極,3,,2,6,53,1,43,8,97,4,147,5,,ナダル,先,先行,19
京8,ダ,1800,14, ゼットレジーナ,(栗),吉田直弘,国分恭介,14,,3,7,12,15,16,15,30,16,27,16,,ニューイヤーズデイ,中,中団,3
京9,ダ,1200,6, セルヴァンス,(栗),小椋研介,長岡禎仁,16,,1,16,29,11,27,16,38,12,47,13,,モーリス,先,先行,10
東4,ダ,1600,2, センターサンテ,(美),本間忍,長浜鴻緒,13,,1,14,10,13,12,12,43,14,105,14,,フィレンツェファイア,,,初走
京2,芝,2000,9, ソウカイファンキー,(栗),杉山佳明,松若風馬,5,,4,3,61,1,61,3,113,2,235,1,,ルーラーシップ,逃,逃げ,3
東9,芝,1600,6, ソニックライン,(美),浅利英明,岩田康誠,6,,3,8,25,9,46,8,87,5,96,10,,リアルインパクト,中,中団,11
東5,芝,2000,4, ソルフィーナ,(美),上原佑紀,佐々木大,3,,6,1,22,6,28,6,57,3,144,3,,コントレイル,,,初走
京12,芝,1600,3, ダークマルス,(栗),杉山晴紀,松山弘平,1,,6,4,68,1,72,1,100,4,155,7,,エピファネイア,逃,逃げ,14
東7,ダ,1600,10, タイキプレジール,(美),矢野英一,原優介,10,,2,4,22,10,26,12,93,8,124,7,,ダノンプレミアム,中,中団,連闘
東3,芝,2000,12, タイセイソアリング,(美),池上昌和,荻野極,5,,2,3,23,9,54,6,110,2,205,2,,コントレイル,後,後方,3
京9,ダ,1200,8, タイセイディアマン,(栗),大橋勇樹,田口貫太,4,,3,10,52,4,65,1,37,14,143,3,,カレンブラックヒル,先,先行,2
京7,芝,1800,2, ダイチノナポリ,(栗),畑端省吾,高倉稜,2,,2,7,52,3,50,5,84,7,140,9,,グレーターロンドン,先,先行,19
京12,芝,1600,2, タイムレスキス,(栗),吉村圭司,菅原明良,6,,6,4,51,3,39,9,133,1,192,3,,ポエティックフレア,先,先行,13
京6,ダ,1800,13, ダイメイクマモト,(栗),秋山真一,太宰啓介,11,,3,5,44,2,52,6,117,3,209,2,,ホッコータルマエ,先,先行,13
京9,ダ,1200,7,$タカスタカスタカス,(栗),藤原英昭,松山弘平,1,,4,5,68,1,47,6,68,6,127,5,,"Mor Spirit",逃,逃げ,3
京11,ダ,1800,5, タガノバビロン,(栗),西園翔太,松山弘平,2,,2,7,42,8,71,1,78,7,170,5,,ヘニーヒューズ,中,差し,6
京1,ダ,1200,7, タガノレクシア,(栗),鈴木孝志,幸英明,2,,4,1,46,5,25,13,112,1,168,2,,マテラスカイ,先,先行,8
東7,ダ,1600,12, タケルムサシ,(美),斎藤誠,岩田康誠,8,,3,1,27,8,48,7,109,5,130,6,,ルヴァンスレーヴ,中,中団,3
京3,ダ,1400,7, ダノンエポナ,(栗),千田輝彦,角田大和,14,,2,9,21,8,23,6,55,6,134,7,,ドレフォン,,,初走
京9,ダ,1200,10, ダノンプリマ,(栗),千田輝彦,角田大和,6,,4,5,41,5,42,9,64,7,84,10,,ダノンレジェンド,先,先行,13
東11,芝,1800,2, チェルビアット,(栗),高野友和,吉村誠之,10,,4,5,20,14,28,13,98,7,141,9,,ロードカナロア,中,中団,8
東4,ダ,1600,13, チャームドール,(美),小手川準,三浦皇成,10,,2,5,36,2,32,3,55,6,154,2,,ルヴァンスレーヴ,,,初走
京1,ダ,1200,2, チョウサクラ,(栗),羽月友彦,古川奈穂,11,,3,7,11,14,20,14,40,10,64,11,,ビッグアーサー,後,後方,2
京2,芝,2000,7, ツーエムブレード,(栗),東田明士,田山旺佑,9,,3,4,18,10,22,10,18,10,68,10,,デクラレーションオブウォー,後,後方,2
東9,芝,1600,1, ツルマウカタチ,(美),手塚貴久,嶋田純次,12,,4,6,20,11,21,12,102,2,140,6,,ヤングマンパワー,中,中団,6
東3,芝,2000,5, ディヴァンパーレ,(栗),小栗実,西村淳也,6,,2,3,37,6,64,3,72,6,132,6,,モーリス,中,中団,3
東3,芝,2000,11, テイクユアタイム,(美),中川公成,原優介,11,,1,12,12,12,42,10,24,14,37,14,,ウィルテイクチャージ,後,後方,2
東6,ダ,1400,11, ティピティーナ,(美),林徹,伊藤工真,7,,7,1,21,9,25,14,95,7,134,8,,ニューイヤーズデイ,中,中団,7
京3,ダ,1400,16, テーオーローズ,(栗),岡田稲男,菱田裕二,12,,2,9,13,13,15,11,89,1,117,11,,ニューイヤーズデイ,－,不明,3
東4,ダ,1600,9, テールエメール,(美),池上昌和,石橋脩,9,,2,5,28,6,21,9,53,9,119,11,,ドレフォン,,,初走
京3,ダ,1400,2, テムバンヴァン,(栗),畑端省吾,高倉稜,11,,2,9,9,15,8,14,60,5,131,9,,ヴァンゴッホ,,,初走
京5,芝,2000,9, テムルーラー,(栗),宮地貴稔,富田暁,11,,3,5,19,10,20,10,37,8,109,10,,ルーラーシップ,,,初走
京1,ダ,1200,13, テリオスベラ,(栗),松下武士,松山弘平,3,,4,1,61,1,67,1,34,13,120,9,,ゴールドドリーム,先,先行,3
東6,ダ,1400,13, テンハートビート,(美),西田雄一,ミシェル,4,,3,7,20,10,35,10,80,10,81,14,,リオンディーズ,中,中団,4
東1,ダ,1600,14, テンユメノオーロラ,(美),平岩大典,ルメール,1,,3,3,62,1,73,1,95,2,158,3,,ルヴァンスレーヴ,先,先行,3
京4,ダ,2910,6, トゥデイイズザデイ,(栗),池江泰寿,井上敏樹,3,Ｃ,6,1,31,4,27,6,74,3,152,3,,ディープインパクト,中,中団,12
京12,芝,1600,13, ドーギッド,(栗),矢作芳人,古川奈穂,16,,4,9,31,9,18,15,66,14,118,10,,オルフェーヴル,先,先行,2
東2,芝,1600,10, ドッグズノーズ,(美),浅利英明,佐々木大,11,,3,2,42,4,46,6,77,4,101,8,,ニューイヤーズデイ,先,先行,3
東3,芝,2000,13, ドナズエクリプス,(栗),清水久詞,吉村誠之,2,,2,3,51,1,64,3,111,1,214,1,,モーリス,先,先行,3
東2,芝,1600,7, ドナフェリーチェ,(美),柄崎将寿,三浦皇成,3,,2,5,65,1,53,3,58,9,144,5,,モズアスコット,逃,逃げ,3
京10,芝,1600,4, トミーバローズ,(栗),清水久詞,坂井瑠星,1,,2,9,38,6,71,1,99,3,146,3,,ヘンリーバローズ,中,差し,10
東4,ダ,1600,4, トラストフィスティ,(美),高木登,石神深道,15,,3,3,10,13,10,14,56,5,134,7,,ゴールドアクター,,,初走
東8,芝,2400,17, トラストボス,(美),高橋文雅,江田照男,10,,1,15,33,7,28,13,108,6,190,5,,キズナ,先,先行,18
京1,ダ,1200,10, トリオハピネス,(栗),佐藤悠太,川又賢治,5,,4,1,54,3,51,5,68,8,152,5,,マテラスカイ,先,先行,3
東6,ダ,1400,1, ドルンレースツェン,(美),矢嶋大樹,長浜鴻緒,15,,1,15,9,16,16,16,52,15,74,15,,ホッコータルマエ,後,後方,3
東12,ダ,1300,13, ドントゥザムーン,(美),高木登,三浦皇成,6,,5,2,57,4,35,8,68,8,135,3,,カレンブラックヒル,先,先行,5
京1,ダ,1200,8, ナムラモモタロー,(栗),羽月友彦,小沢大仁,13,,4,1,14,12,33,10,39,11,50,14,,タワーオブロンドン,中,中団,3
東2,芝,1600,9, ニースケンス,(美),小島茂之,原優介,1,,2,5,34,5,66,1,66,7,135,6,,ルーラーシップ,中,差し,17
東2,芝,1600,2,*ニーナラルゴ,(美),上原博之,原田和真,5,,2,5,51,3,48,5,77,4,172,3,,Corniche,先,先行,2
京12,芝,1600,15, ニシノイツキムスメ,(栗),北出成人,今村聖奈,4,,5,7,41,6,43,5,51,16,98,12,,レイデオロ,先,先行,3
東11,芝,1800,1, ニシノティアモ,(美),上原佑紀,津村明秀,6,,3,9,26,13,45,8,96,8,149,8,,ドゥラメンテ,中,中団,16
京4,ダ,2910,4, ニシノブレイゼスト,(美),高木登,五十嵐雄,5,,5,2,30,5,26,7,81,2,153,2,,シルバーステート,中,中団,3
東6,ダ,1400,16, ノアスペシャル,(美),鈴木慎太,木幡巧也,3,,2,12,34,4,53,4,95,7,160,5,,アジアエクスプレス,中,差し,2
京3,ダ,1400,5, ノーブルヴィジョン,(栗),今野貞一,松若風馬,9,,3,7,15,12,14,12,37,15,105,14,,エスポワールシチー,,,初走
東2,芝,1600,1, ノーブルグランツ,(美),久保田貴,荻野極,2,,7,1,56,2,39,8,81,3,122,7,,モーリス,逃,逃げ,14
京4,ダ,2910,1, ノーブルスカイ,(栗),高柳大輔,小野寺祐,7,,2,4,22,7,39,1,72,4,134,6,,ネオユニヴァース,後,後方,8
京10,芝,1600,14, ノクナレア,(栗),今野貞一,松山弘平,10,,2,9,40,3,69,2,87,6,145,4,,ミッキーアイル,中,差し,10
東8,芝,2400,16, パーヴォ,(栗),吉田直弘,菊沢一樹,8,,3,4,23,13,54,9,113,5,190,5,,ゴールドシップ,中,差し,20
京2,芝,2000,10, パーセンタイル,(栗),前川恭子,森田誠也,7,,2,6,21,8,47,5,98,4,199,4,,レイデオロ,後,後方,2
京9,ダ,1200,15, パールフロント,(栗),寺島良,北村友一,7,,7,1,33,7,58,3,54,9,120,6,,デクラレーションオブウォー,中,差し,8
東3,芝,2000,4, ハイランドウインド,(美),杉浦宏昭,原田和真,13,,1,12,12,12,30,12,50,12,49,13,,ハイランドリール,後,後方,10
京6,ダ,1800,16, ハイロード,(栗),浜田多実,斎藤新,10,,6,1,52,1,52,6,98,6,126,11,,シニスターミニスター,逃,逃げ,21
京10,芝,1600,5, ハギノアルデバラン,(栗),佐藤悠太,鮫島克駿,13,,3,5,12,14,47,9,57,10,58,13,,ジャスタウェイ,後,後方,4
京8,ダ,1800,7, ハギノコラソン,(栗),寺島良,今村聖奈,5,Ｃ,4,4,21,13,42,7,100,1,121,7,,ミッキーアイル,中,中団,6
京11,ダ,1800,2, パシアンジャン,(栗),鈴木孝志,田口貫太,5,,2,7,56,2,63,4,102,2,195,3,,シニスターミニスター,逃,逃げ,4
京11,ダ,1800,3, バスタードサフラン,(栗),渡辺薫彦,酒井学,7,,4,4,50,3,21,11,44,14,111,11,,マジェスティックウォリアー,逃,逃げ,6
東6,ダ,1400,3, パッションディーバ,(美),武藤善則,武藤雅,14,,4,4,13,11,36,9,49,16,52,16,,ゴールドシップ,後,後方,5
東3,芝,2000,6, パッションノーヴァ,(美),武藤善則,武藤雅,9,,6,1,46,2,52,8,67,8,115,9,,キセキ,先,先行,3
京9,ダ,1200,13,*バッハアルプゼー,(栗),橋口慎介,鮫島克駿,12,,4,5,41,5,29,15,74,3,130,4,,"Practical Joke",先,先行,6
京11,ダ,1800,4, ハナウマビーチ,(栗),西園翔太,横山琉人,6,,2,7,28,11,64,3,89,5,200,1,,ゴールドドリーム,後,追込,3
東5,芝,2000,7, ハナコ,(美),嘉藤貴行,横山和生,5,,4,2,22,6,29,5,55,4,134,6,,ブリックスアンドモルタル,,,初走
東3,芝,2000,9,$ハナナ,(栗),矢作芳人,横山武史,4,,2,3,38,5,66,2,63,9,145,5,,Siyouni,後,後方,3
京2,芝,2000,6, ハヤブサカツオー,(栗),岡田稲男,吉田隼人,6,,2,6,56,3,51,4,84,5,154,5,,サートゥルナーリア,先,先行,5
東11,芝,1800,14, ハワイアンティアレ,(栗),松永幹夫,Ｍ．デム,15,,2,15,48,2,36,11,74,14,57,15,,ロードカナロア,逃,逃げ,10
東5,芝,2000,11, ハントクス,(美),辻哲英,大野拓弥,8,,2,7,29,5,28,6,48,6,151,2,,コントレイル,,,初走
東8,芝,2400,6, ピースヒロフェイス,(美),牧光二,石橋脩,14,,2,7,23,13,34,12,69,12,47,16,,サトノダイヤモンド,中,中団,3
東12,ダ,1300,1,$ピコテンダー,(美),上原佑紀,荻野極,3,,3,4,53,5,43,5,60,11,98,8,,Justify,先,先行,9
東3,芝,2000,10, ビップルーチェ,(美),田島俊明,Ｍ．デム,7,,2,3,31,7,53,7,71,7,104,11,,サトノダイヤモンド,中,中団,3
京3,ダ,1400,1, ヒメハッカ,(栗),寺島良,松山弘平,1,,6,1,37,2,36,2,55,6,154,4,,ホットロッドチャーリー,,,初走
東1,ダ,1600,6, フィールザウィル,(美),伊藤大士,西村淳也,5,,3,3,50,3,50,7,71,5,145,5,,ウィルテイクチャージ,先,先行,6
京8,ダ,1800,6, プウスカンドゥール,(栗),坂口智康,中井裕二,12,,3,7,16,14,29,12,77,8,110,8,,シャンハイボビー,後,後方,13
東10,ダ,1400,11, フウセツ,(美),鈴木慎太,大野拓弥,6,,3,4,50,2,47,7,89,5,161,2,,サンダースノー,先,先行,8
京10,芝,1600,11, フェアリーライク,(栗),笹田和秀,富田暁,5,,2,9,33,7,64,5,80,8,135,6,,ゴールドアクター,中,差し,24
京9,ダ,1200,9, フェアリーライズ,(栗),秋山真一,川須栄彦,14,,2,13,15,14,41,10,70,5,94,9,,インディチャンプ,後,後方,15
東4,ダ,1600,3, フェスティヴガッツ,(美),清水英克,丹内祐次,11,,2,5,22,7,25,7,49,11,132,8,,ケイティブレイブ,,,初走
東9,芝,1600,11, フジガイフウ,(美),岩戸孝樹,横山武史,4,,5,4,40,4,71,1,91,4,175,2,,ミスターメロディ,中,差し,17
東9,芝,1600,7, フミサウンド,(美),鹿戸雄一,ミシェル,9,,7,1,33,7,43,10,69,11,106,9,,ジャスタウェイ,先,先行,3
東6,ダ,1400,8, フュルスティン,(美),加藤士津,戸崎圭太,12,,2,12,41,3,66,2,66,14,119,10,,ダノンキングリー,中,中団,3
京6,ダ,1800,1, ブラックレジェンド,(栗),寺島良,今村聖奈,2,,4,4,30,7,67,2,120,2,261,1,,ダノンレジェンド,後,後方,5
京2,芝,2000,1, プラトーローザ,(栗),羽月友彦,小沢大仁,10,,2,6,21,8,39,8,39,9,96,8,,サリオス,中,中団,2
東6,ダ,1400,7, プリプリプリン,(美),伊藤圭三,佐藤翔馬,2,,5,3,59,1,64,3,96,5,179,3,,ルヴァンスレーヴ,逃,逃げ,11
京11,ダ,1800,6, ブルーサン,(栗),宮地貴稔,富田暁,14,,3,6,34,10,18,13,61,13,112,10,,モーニン,先,先行,7
京6,ダ,1800,5, ブルーストレイル,(栗),荒川義之,城戸義政,16,,1,14,12,14,29,14,47,16,68,13,,スマートファルコン,後,後方,2
東7,ダ,1600,9, ブルーミーティア,(美),鈴木伸尋,小林美駒,4,,3,1,31,6,62,2,111,4,205,3,,モズアスコット,中,差し,16
京7,芝,1800,8, ブルーミングローズ,(栗),高野友和,北村友一,6,,6,1,51,4,43,7,89,6,150,7,,サートゥルナーリア,先,先行,7
東6,ダ,1400,6, ブルームコード,(美),小島茂之,西村淳也,6,,2,12,56,2,40,8,137,2,267,1,,イスラボニータ,先,先行,5
京6,ダ,1800,15, ブレイジングスター,(栗),高橋康之,酒井学,14,,3,5,15,11,16,16,60,14,54,16,,モーニン,中,中団,8
東7,ダ,1600,7,$ブレスドナイル,(美),金成貴史,佐々木大,12,,2,4,20,11,56,6,50,14,50,15,,"Gun Runner",中,差し,3
京9,ダ,1200,11, フレンズプラス,(栗),宮本博,荻野琢真,13,,5,2,13,16,43,8,31,16,75,12,,クリソベリル,中,差し,4
東4,ダ,1600,15, ベアフラッシュ,(美),千葉直人,松岡正海,7,,2,5,29,5,28,5,55,6,154,2,,エスポワールシチー,,,初走
京12,芝,1600,4, ペイシャシス,(栗),加藤公太,武豊,2,,2,13,42,5,69,2,85,9,141,8,,シスキン,中,差し,3
京11,ダ,1800,12, ペイシャモノノフ,(栗),畑端省吾,池添謙一,10,,2,7,48,4,31,9,77,8,94,14,,ニシケンモノノフ,先,先行,7
東8,芝,2400,5, ペネトレイトゴー,(美),戸田博文,丹内祐次,11,,3,4,21,15,56,8,91,10,148,9,,ゴールドシップ,後,後方,4
京3,ダ,1400,4, ペプチドカトレア,(栗),小椋研介,斎藤新,5,,5,4,33,4,32,5,74,2,181,1,,ナダル,,,初走
京11,ダ,1800,9, ベルウェザー,(栗),茶木太樹,田山旺佑,12,,6,1,12,14,19,12,77,8,122,8,,ニューイヤーズデイ,後,後方,14
東1,ダ,1600,2, ベルグラース,(美),浅利英明,三浦皇成,2,,3,3,59,2,66,2,121,1,176,1,,マインドユアビスケッツ,先,先行,7
東12,ダ,1300,14, ベルビースタローン,(美),戸田博文,小林美駒,7,,1,13,38,8,18,13,65,10,67,11,,ストロングリターン,逃,逃げ,4
東6,ダ,1400,5, ベルメサイア,(栗),西村真幸,丹内祐次,8,,4,4,13,11,48,5,77,11,115,11,,ホッコータルマエ,後,後方,3
東6,ダ,1400,10, ペンテリコン,(栗),武幸四郎,浜中俊,1,,4,4,29,6,44,6,96,5,141,7,,シルバーステート,中,中団,3
東5,芝,2000,8, ホールノート,(美),尾関知人,ルメール,2,,2,7,39,2,38,3,43,9,141,5,,フィエールマン,,,初走
東8,芝,2400,8, ポッドクロス,(美),大竹正博,荻野極,3,,4,2,33,7,67,3,115,3,237,2,,レイデオロ,中,中団,8
東9,芝,1600,3, ポペット,(栗),高橋康之,永島まな,7,,2,12,28,8,63,5,76,7,166,4,,サトノクラウン,後,追込,7
京5,芝,2000,3, ボワノワール,(栗),井上智史,斎藤新,9,,2,6,24,7,23,7,43,5,129,8,,アドマイヤマーズ,,,初走
東8,芝,2400,13, ボンボンベイビー,(栗),矢作芳人,西村淳也,9,,2,7,25,12,58,6,48,16,89,12,,コントレイル,後,後方,2
京3,ダ,1400,11, マイエスタ,(栗),中村直也,北村友一,2,,6,1,41,1,35,3,61,4,156,3,,サートゥルナーリア,,,初走
東4,ダ,1600,10, マイオーラ,(美),松尾卓哉,吉田豊,12,,2,5,12,11,12,12,45,13,105,14,,ホットロッドチャーリー,,,初走
東8,芝,2400,4, マイネルアウルム,(美),伊藤伸一,三浦皇成,5,,2,7,37,5,59,5,72,11,142,10,,ゴールドシップ,中,中団,4
東3,芝,2000,3, マイネルアルディ,(美),菊川正達,丹内祐次,10,,2,3,19,10,50,9,59,11,108,10,,ブリックスアンドモルタル,後,後方,3
東3,芝,2000,14, マイネルシードル,(美),和田正一,石神深道,14,,1,12,12,12,20,13,62,10,120,8,,ダノンバラード,後,後方,3
東3,芝,2000,8, マイネルヘルリッヒ,(美),清水英克,柴田大知,8,,2,3,41,3,36,11,79,4,152,4,,ウインブライト,先,先行,3
東5,芝,2000,3, マイネルユンフェン,(美),伊藤大士,丹内祐次,7,,3,4,21,8,24,8,62,1,129,7,,キズナ,－,不明,連闘
京7,芝,1800,10, マイリトルヒーロー,(栗),高橋康之,幸英明,3,,3,5,56,2,65,3,116,1,221,2,,イスラボニータ,先,先行,4
東4,ダ,1600,12, マウンテンジョオー,(美),西田雄一,水沼元輝,16,,1,14,10,13,8,15,35,16,105,14,,ウィルテイクチャージ,,,初走
京8,ダ,1800,9, マクノス,(栗),鈴木孝志,田口貫太,8,,3,7,24,12,43,6,57,11,88,10,,マクフィ,中,中団,2
京12,芝,1600,11, マゲバスピード,(栗),藤原英昭,坂井瑠星,3,,7,1,55,2,43,5,68,13,159,6,,ジャスタウェイ,先,先行,5
東12,ダ,1300,12, マサノユニコーン,(美),小島茂之,Ｍ．デム,5,,2,7,58,3,41,6,89,3,132,4,,ルヴァンスレーヴ,先,先行,24
京10,芝,1600,17, マトラコーニッシュ,(栗),池添学,西塚洸二,7,,5,1,28,10,68,3,81,7,172,1,,サートゥルナーリア,後,追込,7
京11,ダ,1800,11, マリオロード,(栗),安達昭夫,国分優作,8,,1,13,15,13,43,7,67,11,124,7,,キタサンブラック,中,差し,7
東7,ダ,1600,14,$マリブオレンジ,(美),戸田博文,浜中俊,5,,2,4,28,7,31,10,106,6,105,10,,Vekoma,中,中団,16
東11,芝,1800,12, ミアネーロ,(美),林徹,大野拓弥,12,,3,9,31,11,16,14,75,13,90,12,,ドゥラメンテ,先,先行,9
京11,ダ,1800,14, ミッキークレスト,(栗),大久保龍,幸英明,13,,1,13,16,12,18,13,76,10,105,13,,ジャスタウェイ,後,後方,2
京12,芝,1600,9, ミッキーコンドル,(栗),大久保龍,荻野琢真,14,,4,9,10,16,42,7,76,11,87,14,,ミッキースワロー,後,後方,9
京10,芝,1600,8, ミッキージュエリー,(栗),中内田充,中井裕二,6,Ｚ,5,1,40,3,20,14,110,1,107,7,,エピファネイア,先,先行,13
京6,ダ,1800,4, ミヤジオズ,(栗),鈴木孝志,田口貫太,3,,3,5,21,10,53,5,99,5,174,8,,リアルスティール,中,差し,29
東6,ダ,1400,4, ミュークチェルシー,(美),稲垣幸雄,吉田豊,13,,1,15,11,13,17,15,74,12,95,12,,カレンブラックヒル,後,後方,9
東11,芝,1800,7, ミラビリスマジック,(美),千葉直人,戸崎圭太,13,,7,1,32,10,61,1,84,10,103,10,,キズナ,中,差し,12
東2,芝,1600,11, ミラマルニ,(美),伊藤圭三,黛弘人,7,,3,2,30,8,60,2,68,6,151,4,,ロジャーバローズ,後,後方,11
東11,芝,1800,6, ムイ,(栗),笹田和秀,木幡巧也,16,,3,9,10,16,16,14,43,16,68,13,,ミッキーアイル,中,中団,5
東7,ダ,1600,13, ムーランオランジュ,(栗),小崎憲,小崎綾也,11,,1,14,12,13,15,14,43,16,65,12,,カリフォルニアクローム,中,中団,2
京6,ダ,1800,12, メイショウオグマ,(栗),安達昭夫,国分恭介,15,,3,5,15,11,35,11,68,13,106,12,,ホッコータルマエ,中,中団,9
東10,ダ,1400,6, メイショウタムシバ,(栗),飯田祐史,横山和生,5,,4,1,44,4,58,4,51,14,75,13,,ダノンレジェンド,先,先行,8
京12,芝,1600,1, メイショウトウコウ,(栗),石橋守,幸英明,11,,2,13,25,11,39,9,97,5,132,9,,アメリカンペイトリオット,中,中団,16
東12,ダ,1300,9, メイショウドライブ,(栗),鈴木孝志,永島まな,8,,3,4,39,7,28,11,27,16,72,10,,フォーウィールドライブ,先,先行,4
京3,ダ,1400,8, メイショウノゾミ,(栗),本田優,太宰啓介,10,,3,7,19,10,16,10,55,6,107,13,,ステルヴィオ,,,初走
京9,ダ,1200,1, メイショウバルク,(栗),安達昭夫,田山旺佑,2,,4,5,30,10,35,12,117,1,174,1,,ディスクリートキャット,中,中団,22
京7,芝,1800,7, メイショウハンター,(栗),長谷川浩,田山旺佑,9,,2,7,22,8,49,6,94,5,143,8,,インディチャンプ,後,後方,17
東4,ダ,1600,1, メヌフォーコン,(美),千葉直人,佐々木大,6,,2,5,20,9,26,6,55,6,129,9,,ロードカナロア,,,初走
京3,ダ,1400,14, メネルブ,(栗),中尾秀正,川須栄彦,13,,2,9,17,11,10,13,49,11,105,14,,マジェスティックウォリアー,,,初走
京11,ダ,1800,13, メルカントゥール,(栗),杉山晴紀,坂井瑠星,1,,4,4,57,1,66,2,102,2,199,2,,ルヴァンスレーヴ,先,先行,9
京10,芝,1600,10, モアリジット,(栗),西村真幸,古川奈穂,15,,1,14,12,14,19,15,50,13,44,15,,ロードカナロア,中,中団,4
京10,芝,1600,6, モズカトレア,(栗),井上智史,松若風馬,12,,1,14,40,3,19,15,40,14,32,16,,モズアスコット,逃,逃げ,8
京11,ダ,1800,1, モックモック,(栗),寺島良,武豊,3,Ｃ,6,1,41,9,56,5,103,1,194,4,,ダノンレジェンド,中,中団,13
東3,芝,2000,7, モナークスヴァラー,(美),牧光二,ミシェル,3,,3,2,31,7,59,5,75,5,157,3,,キズナ,中,中団,8
京1,ダ,1200,12, ヤマトデュノール,(栗),安達昭夫,森田誠也,12,,2,9,22,8,46,6,63,9,140,7,,マテラスカイ,中,差し,3
東4,ダ,1600,11, ヤマトリンカーン,(美),伊藤圭三,佐藤翔馬,5,,6,1,18,10,17,10,64,1,136,6,,ルヴァンスレーヴ,,,初走
東10,ダ,1400,15, ヤマニンアストロン,(栗),石橋守,岩田康誠,2,,2,6,36,9,72,1,70,10,125,6,,ディーマジェスティ,後,追込,10
東4,ダ,1600,16, ユイノゲリラゴウウ,(美),深山雅史,内田博幸,2,,2,5,34,3,30,4,62,3,144,4,,タワーオブロンドン,,,初走
京1,ダ,1200,15, ユイパルティ,(栗),平田修,大久保友,15,,1,15,11,14,15,15,25,14,31,15,,スクワートルスクワート,後,後方,14
東5,芝,2000,10, ユウミンジザイ,(美),小手川準,原優介,10,,1,10,18,10,20,10,45,8,109,10,,ダノンキングリー,,,初走
東7,ダ,1600,8, ライカ,(美),杉浦宏昭,大野拓弥,14,,2,4,56,3,61,4,121,2,218,2,,サンダースノー,逃,逃げ,15
東12,ダ,1300,7, ラインジーク,(美),水野貴広,横山典弘,2,,2,7,29,10,33,9,79,7,137,2,,シニスターミニスター,後,後方,8
京8,ダ,1800,5, ラヴァブル,(栗),松下武士,古川奈穂,13,,2,12,37,6,30,11,45,13,62,13,,ジャスタウェイ,逃,逃げ,17
東1,ダ,1600,15, ラヴァブルロマン,(美),伊藤圭三,佐藤翔馬,14,,2,8,12,12,17,14,42,12,42,15,,ヘニーヒューズ,後,後方,8
東11,芝,1800,11, ラヴァンダ,(栗),中村直也,横山和生,4,Ｎ,3,9,34,8,59,3,85,9,180,6,,シルバーステート,中,差し,8
京7,芝,1800,6, ラヴェニュー,(栗),友道康夫,坂井瑠星,1,,6,1,38,6,70,1,97,4,157,4,,ロードカナロア,中,差し,34
東6,ダ,1400,12, ラエトゥス,(美),斎藤誠,横山和生,10,,3,7,30,5,70,1,101,3,164,4,,ルヴァンスレーヴ,後,後方,5
京4,ダ,2910,5, ラッキーダイヤ,(栗),牧田和弥,黒岩悠,8,,2,4,20,9,37,2,118,1,239,1,,サトノダイヤモンド,後,後方,5
東5,芝,2000,5, ラニアケア,(美),堀宣行,西村淳也,1,,3,4,39,2,40,1,48,6,129,7,,キタサンブラック,,,初走
京7,芝,1800,5, ラパンドール,(栗),藤原英昭,武豊,4,,5,3,60,1,64,4,110,2,243,1,,コントレイル,先,先行,17
東4,ダ,1600,6, リオフラウス,(美),矢野英一,原優介,8,,2,5,12,11,14,11,47,12,107,12,,コパノリッキー,,,初走
京10,芝,1600,3, リゾートアイランド,(美),上原佑紀,北村友一,9,,3,5,27,11,49,8,99,3,97,9,,イスラボニータ,マ,ﾏｸﾘ,6
京3,ダ,1400,15, リバティサンライズ,(栗),羽月友彦,国分優作,16,,2,9,10,14,8,14,50,10,133,8,,ロジャーバローズ,,,初走
東11,芝,1800,8, ルージュソリテール,(栗),藤原英昭,横山武史,11,,5,3,47,3,34,12,126,3,186,5,,ロードカナロア,先,先行,10
京3,ダ,1400,9, ルージュミスティカ,(栗),大久保龍,幸英明,4,,2,9,24,6,21,8,49,11,127,10,,マインドユアビスケッツ,,,初走
京12,芝,1600,6, ルートサーティーン,(栗),辻野泰之,角田大和,5,,3,11,43,4,32,11,114,3,180,5,,イスラボニータ,先,先行,13
京5,芝,2000,11, ルーモマカーリ,(栗),今野貞一,松若風馬,8,,2,6,25,6,24,6,37,8,132,7,,ルーラーシップ,,,初走
京9,ダ,1200,4, ルクスレイモンド,(美),上原佑紀,坂井瑠星,11,,3,10,54,3,54,4,96,2,147,2,,ヘニーヒューズ,先,先行,6
京12,芝,1600,10, ルディシャ,(栗),森田直行,松若風馬,13,,6,4,16,13,45,4,90,7,91,13,,レイデオロ,中,中団,3
京2,芝,2000,4, ルパドゥクール,(栗),上村洋行,北村友一,3,,6,1,52,5,44,6,64,7,115,7,,モーリス,先,先行,4
京6,ダ,1800,6, ルファーダ,(栗),大根田裕,幸英明,7,,3,5,35,5,58,4,108,4,201,5,,ヘニーヒューズ,中,差し,3
京11,ダ,1800,10, レアンダー,(栗),大根田裕,菱田裕二,11,,2,7,48,4,42,8,66,12,122,8,,シルバーステート,逃,逃げ,3
東12,ダ,1300,15, レイアポポ,(美),青木孝文,原優介,13,,1,13,32,9,16,16,44,15,23,16,,シニスターミニスター,先,先行,18
京12,芝,1600,12, レインボーステート,(栗),茶木太樹,小沢大仁,10,,1,15,14,14,41,8,88,8,201,2,,シルバーステート,中,中団,2
東4,ダ,1600,8, レヴフィリア,(美),伊藤圭三,小林美駒,4,,3,3,22,7,22,8,63,2,144,4,,オメガパフューム,,,初走
京5,芝,2000,5, レガーメフォルテ,(栗),新谷功一,田山旺佑,6,,2,6,31,5,30,5,42,6,142,4,,キズナ,,,初走
京6,ダ,1800,14, レザーアンドレース,(栗),平田修,田山旺佑,5,,1,14,12,14,39,9,78,11,127,10,,マインドユアビスケッツ,後,後方,3
東10,ダ,1400,12, レッドラパルマ,(美),平岩大典,原優介,14,,1,14,29,12,29,11,81,6,99,7,,イスラボニータ,先,先行,19
東9,芝,1600,8, レッドレナート,(美),手塚貴徳,横山和生,8,,3,8,50,1,50,7,73,10,108,8,,レッドファルクス,逃,逃げ,3
京9,ダ,1200,2, レッドレベンディス,(栗),庄野靖志,武豊,3,,3,10,33,7,48,5,38,12,109,8,,クリソベリル,中,差し,2
東12,ダ,1300,4, レディサン,(美),栗田徹,杉原誠人,14,,1,13,12,15,17,14,52,12,58,12,,パイロ,後,後方,7
京8,ダ,1800,13, ロイスター,(栗),笹田和秀,西塚洸二,2,,2,12,30,10,69,1,73,9,150,5,,キズナ,後,追込,3
東4,ダ,1600,7, ロードアマデウス,(美),嘉藤貴行,横山和生,3,,4,2,32,4,39,2,59,4,171,1,,ダノンプレミアム,,,初走
京2,芝,2000,2, ロードフローリス,(栗),小椋研介,田口貫太,2,,2,6,53,4,66,2,117,1,206,2,,ダノンバラード,先,先行,3
東1,ダ,1600,3, ローブリッター,(美),尾関知人,江田照男,13,,2,8,20,10,45,10,39,13,84,10,,ホッコータルマエ,後,後方,3
東7,ダ,1600,11, ロジリッキー,(美),新開幸一,野中悠太,9,,2,4,10,15,15,14,80,10,88,11,,コパノリッキー,後,後方,32
東11,芝,1800,13, ワタシマツワ,(美),竹内正洋,小林美駒,9,,4,5,35,7,40,10,54,15,27,16,,グレーターロンドン,逃,逃げ,6
東7,ダ,1600,6, ワルトシュタイン,(栗),佐藤悠太,石田拓郎,13,,2,4,32,5,16,13,80,10,114,9,,マジェスティックウォリアー,先,先行,2
