新6,ダ,1800,2,$アークドール,(栗),松永幹夫,石川裕紀,1,,2,8,16,11,22,15,67,11,51,13,,"Golden Horn",
札1,ダ,1000,1, アーミル,(栗),高柳大輔,小沢大仁,11,,1,12,11,12,18,12,82,10,187,9,,シルバーステート,
名6,芝,1600,6, アイキャンドウイッ,(栗),池江泰寿,田口貫太,3,,7,1,10,14,32,12,58,12,59,13,,ディープインパクト,
新7,芝,1600,4, アイデアルカット,(美),手塚貴徳,嶋田純次,10,,1,8,23,7,47,7,57,7,102,9,,ロジャーバローズ,
札1,ダ,1000,3, アイビーミャーオ,(栗),小林真也,横山武史,1,,4,3,60,1,72,1,109,3,221,4,,フォーウィールドライブ,
札5,芝,2000,2, アオイゲート,(美),伊藤圭三,丹内祐次,3,,7,1,31,5,34,5,71,2,171,2,,キズナ,
札3,ダ,1700,11, アオイミズホ,(美),古賀慎明,横山和生,2,,6,1,33,6,73,1,103,7,198,7,,ビーチパトロール,
新5,芝,1800,7, アオゾラランチ,(美),戸田博文,吉田豊,12,,3,3,11,16,39,10,72,15,156,10,,モーリス,
札10,ダ,1700,11, アオハルブルース,(美),栗田徹,吉村智洋,2,,4,1,53,2,63,4,91,4,168,5,,ゴールドドリーム,
名4,ダ,1900,3, アクシュラ,(栗),橋口慎介,田山旺佑,15,,1,12,11,13,30,13,53,14,75,15,,ドレフォン,
名5,芝,2000,7, アグレイビューティ,(栗),上村洋行,角田大和,8,,7,1,20,10,24,11,88,7,160,7,,コントレイル,
札1,ダ,1000,11, アジーザム,(美),松尾卓哉,和田陽希,9,,2,4,19,9,51,6,78,11,189,8,,ドレフォン,
札7,ダ,2400,7, アスクガンバーレ,(栗),福永祐一,岩田康誠,,,5,2,55,2,57,4,94,7,232,2,,サートゥルナーリア,
名12,ダ,1200,7, アスターエポワス,(栗),河嶋宏樹,角田大和,11,,2,10,52,2,53,4,82,14,207,6,,カフジテイク,
札1,ダ,1000,2, アッシュグレイス,(美),上原博之,古川奈穂,5,,2,4,18,10,26,11,86,9,67,12,,ウインブライト,
札4,芝,1200,16, アドマイヤパープル,(美),宮田敬介,岩田望来,7,,6,1,57,1,39,7,158,1,266,1,,ロードカナロア,
札9,芝,2000,1, アドミラルシップ,(美),相沢郁,レーン,4,,2,5,51,6,59,5,87,8,137,9,,ゴールドシップ,
名8,ダ,1200,16, アパレイユ,(栗),西園翔太,鮫島克駿,2,,4,3,54,2,44,6,122,3,206,2,,ヴァンゴッホ,
名10,ダ,1800,13, アビル,(栗),高橋一哉,西村淳也,7,Ｃ,3,2,59,1,59,2,119,3,233,1,,ルヴァンスレーヴ,
札3,ダ,1700,14,$アメリカンダンス,(栗),藤岡健一,ロイド,,,2,7,11,14,15,14,112,5,160,9,,"Gun Runner",
名11,芝,1400,7, アラビアンジョイ,(栗),高橋一哉,吉村誠之,,,2,8,31,8,63,1,78,8,153,5,,サトノアラジン,
新6,ダ,1800,14, アラレタバシル,(美),松尾卓哉,丸山元気,2,,2,8,35,6,62,4,77,8,146,2,,ケープブランコ,
名9,芝,3000,3, アルヴィア,(美),和田雄二,上野翔,2,,2,2,53,2,30,2,68,5,126,8,,シュヴァルグラン,
名10,ダ,1800,3, アルダ,(栗),石坂公一,鮫島克駿,,,5,1,22,9,45,6,130,1,174,8,,リアルスティール,
札2,芝,1500,9, アルデシンザン,(美),矢野英一,丹内祐次,11,,3,4,50,4,64,3,106,1,213,1,,レイデオロ,
新2,芝,2000,6, アルバスタキヤ,(美),青木孝文,武藤雅,3,,2,4,26,6,21,6,53,3,142,4,,ベンバトル,
新11,芝,1000,5, アルマグラース,(美),水野貴広,嶋田純次,12,,1,12,14,13,15,16,45,15,42,15,,スワーヴリチャード,
名12,ダ,1200,13, アルミラージ,(栗),小林真也,団野大成,,,3,6,45,5,42,9,113,3,176,9,,ヘニーヒューズ,
名6,芝,1600,8, アロンソア,(栗),牧田和弥,鮫島克駿,8,,2,8,30,8,66,3,76,9,144,4,,インディチャンプ,
名12,ダ,1200,15, イッタレイッタレ,(栗),寺島良,森田誠也,4,,7,1,40,6,45,8,69,15,95,15,,ルヴァンスレーヴ,
名12,ダ,1200,12, イットガール,(栗),矢作芳人,中井裕二,10,Ｙ,1,15,15,11,11,15,94,7,119,13,,リアルスティール,
札11,芝,1200,9, イツモニコニコ,(栗),浜田多実,ナレドゥ,12,,2,9,11,14,37,12,67,11,87,13,,ビッグアーサー,
新10,芝,2000,11, イモータリス,(美),手塚貴久,嶋田純次,6,,4,2,51,3,60,4,80,10,162,7,,ミッキーロケット,
新7,芝,1600,10, インカルナータ,(栗),西園翔太,坂井瑠星,4,,2,6,62,1,69,2,68,3,152,6,,エフフォーリア,
名4,ダ,1900,12, インドミタビリティ,(栗),杉山晴紀,亀田温心,2,,2,4,33,5,61,2,96,4,231,3,,キタサンブラック,
名3,芝,1400,9,$ヴァーヴイレヴン,(栗),小崎憲,鮫島克駿,,,2,7,30,4,33,3,42,8,152,3,,"Jack Christopher",
新6,ダ,1800,10, ヴァナルガンド,(美),稲垣幸雄,菊沢一樹,7,,2,8,10,15,30,10,90,4,117,6,,シビルウォー,
新3,芝,1600,12, ヴァルブロッサ,(美),久保田貴,田辺裕信,7,,4,2,38,1,38,1,52,6,144,5,,カラヴァッジオ,
札5,芝,2000,3, ヴァンドレスト,(美),栗田徹,ルメール,2,,7,1,40,1,39,1,50,5,144,6,,コントレイル,
新3,芝,1600,2, ヴィゴーレテソーロ,(美),畠山吉宏,原優介,4,,2,5,29,6,31,4,67,2,154,3,,サートゥルナーリア,
名5,芝,2000,6, ヴィスコンテッサ,(栗),松永幹夫,吉村誠之,1,,5,2,34,4,66,2,99,3,217,3,,シルバーステート,
名3,芝,1400,8, ヴィスタグロッサ,(栗),高橋義忠,永島まな,2,,2,7,20,8,22,8,56,5,126,8,,ファインニードル,
札2,芝,1500,10, ウィルレーヴィア,(美),尾形和幸,横山琉人,6,,2,6,21,9,50,6,79,5,79,11,,トーセンレーヴ,
札11,芝,1200,8, ウインカーネリアン,(美),鹿戸雄一,三浦皇成,3,,4,4,57,1,52,7,155,1,262,1,,スクリーンヒーロー,
名1,芝,1400,6, ウインクローバー,(栗),宮本博,田口貫太,3,,4,3,31,5,59,5,48,6,153,5,,レイデオロ,
新10,芝,2000,7, ウィンスタンリー,(美),黒岩陽一,コレット,3,Ｃ,4,2,21,11,25,11,107,3,130,8,,リアルスティール,
札10,ダ,1700,14, ウインハルモニア,(美),柄崎将寿,横山典弘,4,,2,5,20,11,34,11,43,12,60,12,,サンダースノー,
札12,芝,1800,8, ウインベラーノ,(栗),宮徹,ヘルナン,11,,2,7,48,5,47,7,81,10,98,10,,ウインブライト,
名8,ダ,1200,2, ヴェルジーネ,(栗),宮地貴稔,国分恭介,6,,4,3,53,3,62,2,69,11,172,5,,ニューイヤーズデイ,
新4,ダ,1200,8, ヴェロシスタ,(美),池上昌和,石川裕紀,4,,5,1,25,8,49,6,120,2,175,7,,ファインニードル,
札4,芝,1200,9, ヴェンデボヌール,(美),久保田貴,吉田隼人,5,,3,4,35,6,39,7,100,6,196,6,,ダノンスマッシュ,
札4,芝,1200,15, ウォーターブビンガ,(栗),藤野健太,古川奈穂,16,,2,6,14,13,16,14,57,14,78,14,,ダノンキングリー,
新5,芝,1800,13, ウッケン,(美),松山将樹,佐藤翔馬,,,1,14,36,4,11,18,90,13,127,15,,イスラボニータ,
新5,芝,1800,14, ウラヌスリング,(美),斎藤誠,坂井瑠星,1,,4,1,35,5,45,6,138,1,223,5,,キズナ,
札9,芝,2000,13, エイシンインアウト,(栗),中尾秀正,横山琉人,1,,5,1,52,4,66,3,101,4,199,5,,サトノダイヤモンド,
札11,芝,1200,15, エイシンディード,(栗),大久保龍,川又賢治,6,,3,6,55,2,40,9,127,3,216,3,,ファインニードル,
名3,芝,1400,3, エイダンバローズ,(栗),上村洋行,団野大成,6,,7,1,36,2,35,2,44,7,127,7,,ロードカナロア,
札11,芝,1200,4, エーティーマクフィ,(栗),武英智,富田暁,4,,3,6,31,7,62,2,109,5,200,4,,マクフィ,
名10,ダ,1800,5,$エクスマウス,(栗),茶木太樹,田口貫太,1,,1,10,20,11,39,9,86,9,150,10,,"Practical Joke",
札3,ダ,1700,10, エクラドット,(美),西田雄一,丹内祐次,8,,3,5,50,2,51,7,124,1,243,2,,アルアイン,
新6,ダ,1800,6, エスティメート,(美),大和田成,嶋田純次,9,,2,8,11,14,26,14,60,13,34,15,,プリサイスエンド,
札9,芝,2000,5, エチゴドラゴン,(栗),宮本博,武豊,6,,3,3,52,4,48,8,120,1,224,2,,リアルスティール,
名2,芝,2000,4, エトワールハマー,(栗),武幸四郎,Ｍ．デム,4,,4,2,37,1,33,1,74,1,181,1,,エフフォーリア,
名12,ダ,1200,4, エバイダンス,(栗),鈴木孝志,田山旺佑,7,,2,10,53,1,63,1,110,5,226,4,,ダイワメジャー,
新9,ダ,1200,14, エフエイト,(美),小野次郎,丸山元気,,,3,4,16,11,43,7,106,1,149,5,,ゴールデンバローズ,
新5,芝,1800,3, エリオステモン,(美),柄崎将寿,武藤雅,15,,1,14,13,13,40,9,40,18,27,17,,ミスターメロディ,
名11,芝,1400,4, エルハーベン,(栗),藤岡健一,田山旺佑,3,,2,8,22,11,21,15,128,1,207,1,,モーリス,
名5,芝,2000,4, エレガンシア,(栗),高柳大輔,松若風馬,,,2,7,25,8,54,5,84,10,110,11,,ルーラーシップ,
新7,芝,1600,5, エレスレイプニル,(美),杉浦宏昭,木幡育也,8,,2,6,23,7,46,8,81,1,154,2,,ハイランドリール,
名11,芝,1400,13, エンヴェロップ,(栗),佐藤悠太,斎藤新,,,3,7,53,3,39,9,99,4,172,3,,ロードカナロア,
新6,ダ,1800,3, エンセリオ,(美),小笠倫弘,北村友一,3,,2,8,27,8,29,11,41,15,48,14,,ドレフォン,
札6,芝,1500,8,*オーケーダイナ,(栗),奥村豊,岩田望来,,,3,6,31,7,58,4,88,6,136,8,,"Saxon Warrior",
札10,ダ,1700,5, オーロラアーク,(美),石栗龍彦,ヘルナン,12,,1,13,10,13,27,12,81,7,108,8,,クリエイター2,
新2,芝,2000,9, オーロラトレイル,(栗),清水久詞,北村友一,8,,4,2,37,3,31,5,48,6,154,1,,コントレイル,
名6,芝,1600,9, オックスアイ,(栗),清水久詞,斎藤新,12,,4,3,47,3,53,6,79,7,125,8,,ダノンプレミアム,
名8,ダ,1200,6, オドラニャソンソン,(栗),森田直行,川須栄彦,3,,2,10,18,12,43,7,83,8,93,11,,ディープブリランテ,
新2,芝,2000,1, オプティミスタ,(美),手塚貴久,石川裕紀,10,,2,4,23,8,21,6,49,4,117,9,,コントレイル,
名8,ダ,1200,3, オプティモ,(栗),緒方努,吉村誠之,7,,3,7,24,10,43,7,105,5,161,7,,タワーオブロンドン,
名5,芝,2000,8, オモイヲノセテ,(栗),高橋義忠,幸英明,2,,2,7,26,7,41,8,81,11,114,10,,ベンバトル,
新10,芝,2000,3, オルグジェシダ,(美),宮田敬介,坂井瑠星,1,,2,6,37,8,70,2,104,4,192,4,,モーリス,
新11,芝,1000,11, オレイア,(美),加藤和宏,水沼元輝,6,,1,12,14,13,17,15,15,17,23,17,,カレンブラックヒル,
名11,芝,1400,1, オンザマーチ,(栗),今野貞一,団野大成,4,,2,8,17,12,34,10,84,6,128,7,,フォーウィールドライブ,
新6,ダ,1800,4, オンザライン,(美),大和田成,小崎綾也,,,2,8,25,9,54,6,85,5,145,4,,スクリーンヒーロー,
名8,ダ,1200,11, カーリキュー,(栗),高橋一哉,斎藤新,1,,6,1,60,1,64,1,123,2,273,1,,ディスクリートキャット,
新9,ダ,1200,3, カサブランカキッド,(美),和田勇介,坂井瑠星,,,2,8,26,9,26,11,60,12,106,10,,ドレフォン,
新12,ダ,1800,5, カズシ,(美),高柳瑞樹,原優介,11,,2,5,31,5,59,3,112,3,236,2,,リアルスティール,
札10,ダ,1700,10, カスバートテソーロ,(美),畠山吉宏,ナレドゥ,11,,2,5,14,12,42,10,41,13,51,13,,ゴールドアクター,
新9,ダ,1200,12, カセノアステリア,(美),鈴木伸尋,津村明秀,1,,2,8,60,1,43,7,97,4,162,4,,モズアスコット,
新3,芝,1600,7, ガネット,(栗),松永幹夫,丸山元気,9,,3,3,34,3,29,5,59,3,171,1,,シスキン,
名8,ダ,1200,15, カフジキアッキエレ,(栗),森田直行,幸英明,,,2,10,25,9,52,4,75,10,79,12,,モーリス,
名5,芝,2000,2, カポレイラ,(栗),北出成人,亀田温心,6,,5,2,13,11,39,9,87,9,142,9,,アドマイヤマーズ,
新9,ダ,1200,6, カンレイスター,(美),矢野英一,石川裕紀,3,,3,4,55,2,52,3,91,7,174,2,,シスキン,
名4,ダ,1900,9, キタノハイテイル,(栗),羽月友彦,城戸義政,4,,2,4,49,3,54,5,95,7,240,1,,ルヴァンスレーヴ,
新12,ダ,1800,9, キチロクゴール,(美),松永康利,木幡育也,7,,6,1,22,8,47,5,110,4,185,5,,デクラレーションオブウォー,
名2,芝,2000,2, キトゥンズクラフト,(栗),池江泰寿,吉村誠之,3,,4,2,31,3,33,1,71,2,171,2,,オルフェーヴル,
名6,芝,1600,1, ギフテッド,(美),武井亮,今村聖奈,4,,2,8,18,12,27,13,79,7,113,10,,モーリス,
新10,芝,2000,12, キョウエイグッド,(美),千葉直人,津村明秀,11,,2,6,24,9,58,6,100,6,212,3,,トーセンラー,
名10,ダ,1800,2, ギレイ,(栗),清水久詞,田山旺佑,6,,1,10,40,3,38,10,83,10,139,11,,ブリックスアンドモルタル,
札6,芝,1500,3, クイーンズワーフ,(美),青木孝文,ナレドゥ,,,1,11,38,6,17,12,54,11,69,13,,アルアイン,
名11,芝,1400,10, クインズセレネ,(栗),野中賢二,角田大和,13,,4,2,8,16,42,7,56,16,52,16,,キンシャサノキセキ,
新1,芝,1400,7, クールストラッチン,(美),田島俊明,大野拓弥,6,,2,4,57,2,37,9,61,8,150,2,,サリオス,
新1,芝,1400,6, クールボビー,(美),矢野英一,原優介,2,,2,4,31,5,66,2,98,1,145,3,,シャンハイボビー,
札6,芝,1500,13, クラインシュミット,(美),室井潔,横山琉人,,,1,11,39,5,15,13,20,14,33,14,,カリフォルニアクローム,
新10,芝,2000,2, クラウドセイル,(美),堀内岳志,佐藤翔馬,7,,1,12,19,12,38,8,99,7,127,10,,シルバーステート,
名9,芝,3000,2, グラウンドビート,(美),中舘英二,伴啓太,1,,2,2,23,7,51,1,107,2,146,4,,ロードカナロア,
名10,ダ,1800,7, グランセンチュリ,(栗),庄野靖志,加藤祥太,,,1,10,19,12,23,13,72,13,159,9,,パイロ,
札9,芝,2000,4, グランツローゼ,(美),和田雄二,河原田菜,10,,1,11,12,13,29,11,60,13,84,13,,ゴールドシップ,
新2,芝,2000,4, グランドストーリー,(美),金成貴史,菊沢一樹,9,,2,4,21,9,21,6,57,2,132,6,,ブリックスアンドモルタル,
名4,ダ,1900,10, グランワールド,(栗),新谷功一,吉村誠之,7,,2,4,50,2,31,11,55,13,120,13,,シニスターミニスター,
名4,ダ,1900,2, グリーンゴー,(栗),福永祐一,西村淳也,3,,4,1,60,1,72,1,130,1,215,6,,ハービンジャー,
札10,ダ,1700,2, クリノラピダス,(栗),谷潔,ヴェロン,6,,1,13,10,13,15,14,73,10,39,14,,マクフィ,
名4,ダ,1900,8, クリノリキオー,(栗),高橋義忠,幸英明,6,,2,4,35,4,60,3,96,4,233,2,,リアルスティール,
新12,ダ,1800,7, クリムゾンリーフ,(美),加藤士津,坂井瑠星,1,,2,5,63,1,70,1,80,10,186,4,,クリソベリル,
名4,ダ,1900,7, グレートアゲイン,(栗),牧浦充徳,鮫島良太,13,,1,12,12,12,41,8,68,12,158,9,,バンドワゴン,
新6,ダ,1800,1, クロニクル,(美),平岩大典,田辺裕信,11,,4,3,56,1,63,3,65,12,111,8,,ハーツクライ,
名2,芝,2000,6, ケイアイトリノ,(栗),平田修,藤懸貴志,6,,2,5,30,4,31,3,52,6,154,4,,モーリス,
名8,ダ,1200,12, ケイアイマウンガ,(栗),宮本博,藤懸貴志,5,,2,10,48,5,27,12,66,12,107,9,,マクフィ,
新8,芝,1400,1, ケイケイ,(美),杉浦宏昭,原優介,10,,2,5,22,7,57,4,113,1,166,3,,イスラボニータ,
札4,芝,1200,13, ゲフィオン,(栗),辻野泰之,フーリー,11,,1,14,32,8,12,15,91,9,170,8,,エピファネイア,
札6,芝,1500,1, ゴーゴーリチャード,(栗),庄野靖志,ロイド,,,1,11,12,14,11,14,87,7,92,10,,スワーヴリチャード,
札8,芝,1800,10, ゴールドジェスター,(美),中川公成,黛弘人,,,1,9,20,9,38,11,60,11,129,10,,シルバーステート,
新11,芝,1000,6, ココソラーレ,(美),天間昭一,谷原柚希,2,,1,12,12,17,30,12,90,1,178,1,,セイウンコウセイ,
札12,芝,1800,13, コスモスプモーニ,(美),松山将樹,フーリー,,,1,13,31,9,15,13,29,14,32,14,,リアルインパクト,
新1,芝,1400,5, コスモティタノ,(美),武市康男,嶋田純次,11,,2,4,20,9,37,9,59,9,72,10,,ヘンリーバローズ,
名3,芝,1400,5, コトテーラー,(栗),緒方努,田山旺佑,8,,3,3,19,9,18,9,37,9,116,9,,フィレンツェファイア,
名8,ダ,1200,13, コマチチャン,(栗),小椋研介,松若風馬,9,,5,2,18,12,23,13,91,7,151,8,,キズナ,
名2,芝,2000,1, コルソヴェローチェ,(栗),高野友和,西村淳也,8,,2,5,28,6,29,5,48,8,131,6,,レイデオロ,
名6,芝,1600,11, コルドンブルー,(栗),松永幹夫,吉村誠之,7,,3,6,28,10,62,5,97,3,170,2,,キズナ,
新3,芝,1600,11, コンセルノ,(栗),高橋義忠,北村友一,10,,2,5,30,5,24,6,48,7,131,7,,ホットロッドチャーリー,
新8,芝,1400,2, コンテネレッツア,(美),宮田敬介,杉原誠人,6,,3,2,21,8,26,9,68,9,105,9,,エピファネイア,
名6,芝,1600,10, サーディンラン,(栗),武英智,松若風馬,2,,4,3,63,1,67,2,131,1,222,1,,レイデオロ,
札9,芝,2000,9, サイン,(栗),佐藤悠太,岩田望来,12,,5,1,58,2,58,6,101,4,215,3,,キセキ,
札11,芝,1200,14, サウンドモリアーナ,(栗),武英智,武豊,7,,2,9,50,3,34,13,105,7,146,7,,ミッキーアイル,
札8,芝,1800,2, サクラアドリア,(美),尾関知人,武豊,2,,2,6,39,5,62,4,131,1,178,5,,イスラボニータ,
新11,芝,1000,16, サツキレジーナ,(美),石栗龍彦,柴田大知,3,,2,2,31,7,58,3,83,2,150,3,,リオンディーズ,
名10,ダ,1800,4, サトノディヴァイン,(栗),橋口慎介,菱田裕二,3,,2,5,30,7,40,7,103,5,214,3,,サトノダイヤモンド,
名9,芝,3000,1, サトノドルチェ,(美),蛯名利弘,大江原圭,,,1,8,22,8,18,8,23,8,127,7,,オルフェーヴル,
新4,ダ,1200,13, サトミノアカリ,(美),鈴木伸尋,石田拓郎,11,,1,10,38,5,12,15,24,15,41,15,,シャンハイボビー,
名10,ダ,1800,9,*サラサキングスター,(栗),斉藤崇史,森田誠也,,Ｓ,3,2,39,4,16,14,23,14,72,14,,Kingman,
札6,芝,1500,9, サンウリエル,(栗),宮本博,川又賢治,6,,1,11,13,13,43,10,52,12,88,12,,ディーマジェスティ,
名3,芝,1400,2,*サンクサンス,(栗),小栗実,松若風馬,5,,2,7,26,6,25,6,60,2,141,5,,"American Pharoah",
札2,芝,1500,7, サンシルヴァリー,(栗),西村真幸,川又賢治,9,,1,11,16,11,46,9,45,11,112,9,,オメガパフューム,
札6,芝,1500,12, サンセットゴールド,(栗),矢作芳人,小沢大仁,9,,4,2,23,11,50,7,121,1,193,2,,キズナ,
名8,ダ,1200,5, サンライズブレイク,(栗),浜田多実,団野大成,10,,2,10,36,7,41,9,92,6,163,6,,フォーウィールドライブ,
札2,芝,1500,8, サンレガート,(美),堀内岳志,浜中俊,7,,2,6,57,3,62,4,74,7,156,5,,マクフィ,
名9,芝,3000,7, シークレットキー,(栗),井上智史,小野寺祐,,,2,2,29,6,27,6,81,4,154,3,,ドレフォン,
札2,芝,1500,11, シークレットタワー,(美),金成貴史,古川奈穂,8,,2,6,42,7,42,10,59,8,106,10,,タワーオブロンドン,
新4,ダ,1200,10, ジーティーニッツァ,(美),伊藤伸一,上里直汰,7,,2,3,51,2,64,1,105,4,250,1,,ミスチヴィアスアレックス,
名6,芝,1600,3, ジーティーマン,(栗),小栗実,西村淳也,9,,3,6,58,2,66,3,93,5,144,4,,モーリス,
新5,芝,1800,9, ジーナグレイス,(美),田中勝春,菊沢一樹,8,,2,5,47,2,27,12,117,3,219,6,,キセキ,
札7,ダ,2400,1, シーリュウシー,(栗),岡田稲男,小沢大仁,,,3,5,19,9,48,7,91,8,148,8,,ホッコータルマエ,
札3,ダ,1700,7, ジェイストリーク,(栗),武幸四郎,岩田望来,4,,2,7,38,5,65,2,91,10,260,1,,エピファネイア,
札1,ダ,1000,5, シェイプオブユー,(栗),吉村圭司,川又賢治,4,,2,4,53,4,31,9,107,4,181,10,,タワーオブロンドン,
名5,芝,2000,9, シェーラ,(栗),牧田和弥,田山旺佑,,,2,7,28,6,59,4,92,5,243,2,,フィエールマン,
札3,ダ,1700,9, ジェッディンデデン,(美),大和田成,黛弘人,12,,1,14,33,6,29,10,75,12,120,12,,モズアスコット,
新5,芝,1800,12, シェリーシュシュ,(美),大竹正博,原優介,6,,2,5,24,10,44,7,93,10,166,9,,ゴールドシップ,
札8,芝,1800,7, ジェルブロア,(栗),矢作芳人,松山弘平,6,,4,3,39,5,58,5,79,7,174,6,,キズナ,
新8,芝,1400,4, ジオパーククラウン,(美),清水英克,丸田恭介,,,1,11,20,9,19,12,45,11,57,12,,サトノクラウン,
札2,芝,1500,4, シガレス,(栗),武幸四郎,和田陽希,12,,2,6,18,10,50,6,99,2,168,2,,マテラスカイ,
新8,芝,1400,10,$ジッピーレーサー,(美),天間昭一,石神深道,8,,3,2,20,9,25,10,78,7,85,10,,"City Zip",
札7,ダ,2400,2, シドニーホバート,(栗),杉山佳明,吉村智洋,3,,2,7,21,8,27,11,102,6,139,10,,ストロングリターン,
札8,芝,1800,1, シニャンガ,(美),鹿戸雄一,岩田望来,,,6,1,41,3,68,1,75,8,162,9,,ロードカナロア,
名12,ダ,1200,9, シャインゴーツ,(栗),北出成人,今村聖奈,2,,2,10,23,9,53,4,93,8,187,8,,アルアイン,
新4,ダ,1200,4, ジャガーライズ,(美),伊藤圭三,菊沢一樹,2,,2,3,24,9,55,3,107,3,148,8,,パイロ,
札9,芝,2000,8, ジャケットポケット,(美),奥村武,岩田康誠,,,3,3,53,3,63,4,119,2,244,1,,レイデオロ,
名8,ダ,1200,14,$ジャスパーノベル,(栗),森秀行,渡辺竜也,,Ｍ,4,3,13,14,28,11,66,12,66,15,,Vekoma,
名8,ダ,1200,7,$ジャスパーメルチェ,(栗),森秀行,中井裕二,,Ｍ,3,7,45,6,19,15,54,16,58,16,,Charlatan,
新11,芝,1000,12, シャルマンナナ,(美),矢嶋大樹,丸山元気,13,,2,2,25,8,53,6,49,11,89,11,,モズアスコット,
札8,芝,1800,4, シャルムグリーン,(美),相沢郁,吉村智洋,8,,2,6,23,8,51,6,114,4,184,4,,スワーヴリチャード,
新7,芝,1600,1, シャンデヴァーグ,(美),森一誠,津村明秀,2,,4,2,57,3,71,1,68,3,132,7,,ロードカナロア,
新1,芝,1400,8, シュアシング,(美),相沢郁,武藤雅,4,,1,10,18,11,17,12,45,11,72,10,,ジャンダルム,
新11,芝,1000,3, ジュエルドレーサー,(美),蛯名利弘,石川裕紀,10,,2,2,37,3,66,1,51,10,121,6,,ビッグアーサー,
札12,芝,1800,11, ショウナンヤッホー,(美),栗田徹,吉村智洋,9,,3,5,14,13,18,11,105,2,92,11,,ニューイヤーズデイ,
札11,芝,1200,6, ジョーメッドヴィン,(栗),清水久詞,吉村智洋,14,,1,14,11,14,27,15,67,11,101,10,,ドレフォン,
新9,ダ,1200,1, シルバードン,(美),牧光二,石橋脩,,,2,8,27,8,40,9,54,15,46,14,,アルバート,
名5,芝,2000,11, シルバーリム,(栗),中村直也,国分優作,3,,4,5,52,1,49,7,128,1,260,1,,シルバーステート,
新8,芝,1400,5, シルバーレイン,(美),古賀大生,大野拓弥,9,,2,5,29,6,60,3,88,5,127,8,,エピファネイア,
新7,芝,1600,9, スイートアリッサム,(美),大和田成,杉原誠人,6,,4,2,25,6,54,6,47,9,119,8,,ステルヴィオ,
新11,芝,1000,2, スカイダイバー,(美),秋本大介,石田拓郎,9,,2,2,24,9,55,5,57,9,93,9,,フォーウィールドライブ,
札4,芝,1200,4,$スカイピア,(栗),前川恭子,小林美駒,12,,5,2,57,1,50,5,116,2,255,2,,"Palace Pier",
新5,芝,1800,1, スコアレジーナ,(美),矢野英一,石田拓郎,7,,2,5,11,16,14,17,43,17,27,17,,サートゥルナーリア,
名12,ダ,1200,3, スターペスアンナ,(栗),石橋守,太宰啓介,,,2,10,12,13,41,10,83,13,132,11,,ダノンプレミアム,
札7,ダ,2400,9, ステイアンビシャス,(美),堀内岳志,ロイド,,,5,2,30,5,58,3,108,3,220,3,,ドレフォン,
名3,芝,1400,7, スティルラブハー,(栗),杉山佳明,西村淳也,4,,3,3,37,1,38,1,59,3,171,2,,ミッキーアイル,
札12,芝,1800,4, ストームサンダー,(栗),安達昭夫,ロイド,5,,1,13,10,14,16,12,86,6,109,8,,ヘンリーバローズ,
名7,ダ,1800,2, スナークラファエロ,(栗),野中賢二,団野大成,1,,4,3,56,1,67,1,90,10,171,7,,リアルスティール,
新1,芝,1400,4, スノーキャップ,(美),嘉藤貴行,柴田大知,10,,1,10,19,10,35,11,29,12,47,12,,フィレンツェファイア,
新10,芝,2000,8, スペードギニー,(美),大和田成,菊沢一樹,2,,2,6,40,6,27,10,78,11,99,11,,リオンディーズ,
新11,芝,1000,8, スペルビア,(美),石栗龍彦,野中悠太,11,,1,12,13,16,34,9,36,16,59,14,,エスケンデレヤ,
新2,芝,2000,8, スロノス,(美),上原佑紀,石橋脩,1,,3,3,40,1,33,4,44,10,142,4,,ルーラーシップ,
新3,芝,1600,5, セイウンシャラ,(美),田中剛,吉田豊,3,,3,3,19,9,19,9,54,4,136,6,,サトノアラジン,
新1,芝,1400,10, セイウントレジャ,(美),杉浦宏昭,野中悠太,3,,2,4,25,6,52,4,69,5,125,6,,サトノクラウン,
札10,ダ,1700,4, セイントホース,(栗),谷潔,横山武史,7,,4,1,39,7,70,1,121,1,239,1,,ミスターメロディ,
名3,芝,1400,6, セーズアマゾネス,(栗),飯田祐史,今村聖奈,1,,3,3,28,5,32,5,70,1,181,1,,ミッキーアイル,
札2,芝,1500,6, セールデュクール,(美),深山雅史,小林美駒,10,,1,11,14,12,31,12,29,12,43,12,,ベンバトル,
名10,ダ,1800,8, セキゾウ,(栗),田中克典,藤懸貴志,,,1,10,19,12,26,12,77,11,97,13,,デクラレーションオブウォー,
新4,ダ,1200,11, ゼフィリア,(美),岩戸孝樹,原優介,6,,1,10,20,11,39,9,95,9,117,11,,サンダースノー,
名6,芝,1600,7, セブンマイスター,(美),千葉直人,団野大成,13,,6,2,46,4,43,8,95,4,148,3,,ドレフォン,
札3,ダ,1700,6, セブンワンダーズ,(美),斎藤誠,横山琉人,10,,4,3,40,4,41,8,111,6,151,10,,キセキ,
札3,ダ,1700,5, セラサイト,(栗),茶木太樹,横山武史,5,,2,7,30,8,56,6,99,9,243,2,,クリソベリル,
新2,芝,2000,5, ゼラニウム,(美),平岩大典,コレット,2,,1,11,12,11,10,11,37,11,107,10,,マカヒキ,
新1,芝,1400,11, センカンナガト,(美),和田雄二,佐藤翔馬,8,,1,10,12,12,39,8,66,6,119,7,,ロジャーバローズ,
名8,ダ,1200,10, ゼンノフォトン,(栗),茶木太樹,西村淳也,8,,2,10,30,8,57,3,124,1,202,3,,シャンハイボビー,
新5,芝,1800,16, ソアサージュ,(美),浅利英明,小林脩斗,5,,1,14,11,16,15,16,107,8,135,14,,ブリックスアンドモルタル,
新1,芝,1400,1, ソースウィート,(美),久保田貴,小林脩斗,12,,4,1,21,7,51,5,63,7,119,7,,インディチャンプ,
新5,芝,1800,8, ソフィア,(美),鹿戸雄一,北村友一,16,,4,1,29,9,26,13,93,10,143,12,,リアルスティール,
札5,芝,2000,5, ソフィーサンライズ,(栗),矢作芳人,吉田隼人,,,3,7,28,7,24,7,49,6,132,7,,コントレイル,
新5,芝,1800,2, ソロンゴ,(美),高橋文雅,木幡育也,4,,2,5,33,7,56,3,109,7,227,4,,ルーラーシップ,
札8,芝,1800,11, ソワンドヴィクター,(美),高橋文雅,長浜鴻緒,5,,1,9,19,10,40,9,64,10,167,8,,アメリカンペイトリオット,
札11,芝,1200,5, ゾンニッヒ,(栗),池江泰寿,ロイド,13,,1,14,8,16,39,10,29,15,44,15,,ラブリーデイ,
新2,芝,2000,7, タイヴァス,(栗),矢作芳人,坂井瑠星,6,Ｙ,2,4,34,4,36,2,48,6,144,3,,ウィルテイクチャージ,
札7,ダ,2400,3, タイキフィアリーベ,(美),室井潔,ヘルナン,,,2,7,22,6,50,6,88,9,167,7,,ラブリーデイ,
札7,ダ,2400,10, ダイシンレアレア,(栗),高橋一哉,丹内祐次,,,6,1,54,3,64,2,106,4,179,6,,キズナ,
名4,ダ,1900,4, タイセイゼスティ,(栗),奥村豊,渡辺竜也,9,,2,4,20,9,50,7,101,3,217,5,,デクラレーションオブウォー,
新9,ダ,1200,10, ダイユウファリーナ,(美),松永康利,佐藤翔馬,10,,1,14,9,15,16,14,60,12,34,15,,ドゥラメンテ,
新4,ダ,1200,9, ダイユウレゾナンス,(美),松永康利,小崎綾也,12,,1,10,13,12,31,10,84,11,127,9,,ローレルゲレイロ,
新12,ダ,1800,4, タニセンローマ,(美),斎藤誠,小林脩斗,,,3,3,30,6,54,4,103,6,171,7,,シャンハイボビー,
札9,芝,2000,12, ダノンシーホーク,(栗),大久保龍,松本大輝,9,,2,5,20,10,46,9,81,9,107,12,,ダノンスマッシュ,
札8,芝,1800,8, ダノンプレサージュ,(美),大竹正博,横山典弘,3,,4,3,36,7,65,2,119,2,202,3,,サートゥルナーリア,
札11,芝,1200,10, ダノンマッキンリー,(栗),藤原英昭,池添謙一,5,,6,1,28,11,59,4,86,10,94,11,,モーリス,
名11,芝,1400,15, ダンデノン,(栗),田中克典,西村淳也,9,,4,2,60,1,60,3,102,2,187,2,,シルバーステート,
札4,芝,1200,14, チャーミングアイ,(美),菊川正達,丹内祐次,13,,2,6,25,9,30,10,115,3,186,7,,マテラスカイ,
新12,ダ,1800,1, チャームドウイング,(美),大竹正博,丸田恭介,10,,4,2,23,7,22,11,52,11,83,12,,ルーラーシップ,
名4,ダ,1900,11, チュウワヘネシー,(栗),庄野靖志,加藤祥太,10,,2,4,20,9,26,15,53,14,138,10,,モーニン,
名11,芝,1400,14, チリーゴールド,(栗),飯田祐史,菱田裕二,5,,2,8,10,15,44,6,65,12,61,12,,オルフェーヴル,
札2,芝,1500,5, ティアラード,(栗),小栗実,横山武史,5,,4,3,60,1,71,2,58,9,137,6,,シスキン,
新3,芝,1600,3, ティシポネ,(美),森一誠,津村明秀,1,,2,5,32,4,34,3,43,10,152,4,,キズナ,
新1,芝,1400,2, ディスペアーホープ,(美),小手川準,菊沢一樹,5,,2,4,51,3,58,3,83,3,145,3,,ステルヴィオ,
新9,ダ,1200,11, ティピティーナ,(美),林徹,伊藤工真,7,,4,1,43,5,51,4,57,14,114,7,,ニューイヤーズデイ,
名6,芝,1600,2, テーオーシュタイン,(栗),梅田智之,藤懸貴志,10,,4,3,33,7,41,10,75,10,119,9,,ワールドエース,
札2,芝,1500,1, デザートスピリット,(美),平岩大典,ルメール,4,,7,1,42,7,72,1,91,3,164,4,,イスラボニータ,
新3,芝,1600,1, デススパイラル,(栗),前川恭子,コレット,8,,2,5,19,9,17,10,53,5,119,10,,ダノンプレミアム,
札9,芝,2000,3, デルシエロ,(栗),清水久詞,丹内祐次,7,,2,5,42,7,52,7,67,11,121,11,,レイデオロ,
札12,芝,1800,10, テルヒコウ,(栗),矢作芳人,ヴェロン,4,,7,1,51,3,48,6,106,1,184,2,,コントレイル,
新12,ダ,1800,12, テンカラットレター,(美),本間忍,木幡初也,8,,2,5,21,9,21,12,38,12,118,11,,バゴ,
新11,芝,1000,4, テンペストヒロイン,(美),堀内岳志,木幡初也,,,3,1,39,2,39,8,47,13,38,16,,スクリーンヒーロー,
新7,芝,1600,7, トウシンマジック,(美),秋本大介,コレット,3,,4,2,30,5,59,5,54,8,153,3,,モズアスコット,
札9,芝,2000,7, ドーギッド,(栗),矢作芳人,小沢大仁,5,,2,5,40,8,40,10,95,6,189,6,,オルフェーヴル,
新1,芝,1400,3, ドッカイッチャッテ,(美),深山雅史,木幡初也,7,,2,4,21,7,40,7,49,10,116,9,,ミスチヴィアスアレックス,
新7,芝,1600,3, トップチェッカー,(栗),武英智,北村友一,5,,4,2,60,2,66,4,73,2,153,3,,インディチャンプ,
新3,芝,1600,9, ドミナント,(栗),福永祐一,坂井瑠星,2,,2,5,36,2,38,1,43,10,126,8,,コントレイル,
札2,芝,1500,2, トムクリオーザ,(栗),藤原英昭,小沢大仁,1,,5,2,43,6,42,10,78,6,129,7,,エピファネイア,
札7,ダ,2400,6, トライゴーニック,(美),池上昌和,ナレドゥ,5,,1,11,12,11,43,8,79,10,102,11,,ルーラーシップ,
札1,ダ,1000,7, トリアングルレディ,(美),尾関知人,横山琉人,2,,2,4,12,11,48,7,89,6,190,7,,ダノンバラード,
名10,ダ,1800,1, ドリームゴーズオン,(栗),高橋亮,長岡禎仁,,,1,10,18,14,46,5,76,12,129,12,,マクフィ,
名7,ダ,1800,1, トリポリタニア,(栗),上村洋行,西村淳也,2,Ｃ,7,1,41,3,48,7,133,2,202,5,,ルヴァンスレーヴ,
新12,ダ,1800,8, トルネードアイル,(美),鹿戸雄一,北村友一,2,,2,5,61,2,42,6,123,1,230,3,,ミッキーアイル,
新12,ダ,1800,6, ドロワ,(美),室井潔,石田拓郎,3,,3,3,18,12,23,9,105,5,142,8,,シルバーステート,
札4,芝,1200,1, ドンレミラピュセル,(栗),藤原英昭,大久保友,3,,3,4,38,5,17,13,83,11,155,10,,キタサンブラック,
札11,芝,1200,1, ナムラクララ,(栗),長谷川浩,浜中俊,8,,3,6,31,7,59,4,89,9,172,6,,アドマイヤマーズ,
新8,芝,1400,6,$ナルキッソス,(栗),吉岡辰弥,コレット,3,,3,2,33,5,61,2,108,2,174,2,,Caravaggio,
名4,ダ,1900,6, ニシノエビガタメ,(栗),吉村圭司,Ｍ．デム,1,,3,3,32,6,59,4,75,11,160,8,,シルバーステート,
札1,ダ,1000,6, ニシノギャルズ,(美),水野貴広,吉村智洋,6,,5,1,30,7,54,4,142,1,274,1,,セイウンコウセイ,
札4,芝,1200,11, ニットウエース,(美),稲垣幸雄,ヘルナン,8,,1,14,11,16,9,16,56,15,113,12,,モズアスコット,
札7,ダ,2400,5, ニヒトツーゼーア,(栗),中竹和也,河原田菜,,,5,2,22,6,39,10,123,1,185,5,,リオンディーズ,
新1,芝,1400,12, ノーセット,(美),高柳瑞樹,津村明秀,1,,3,2,38,4,70,1,97,2,166,1,,ファインニードル,
新4,ダ,1200,15, ノーブルスアーク,(美),尾形和幸,谷原柚希,3,,1,10,11,14,14,13,69,13,93,13,,シルバーステート,
新2,芝,2000,2, ノーブルフォース,(美),菊川正達,吉田豊,7,,2,4,19,10,19,9,49,4,107,10,,ジャスタウェイ,
名11,芝,1400,2, バーケンティン,(栗),平田修,幸英明,7,,2,8,14,14,19,16,78,8,46,17,,ロードカナロア,
新11,芝,1000,15, パーティーガール,(美),伊藤伸一,菊沢一樹,4,,2,2,22,10,48,7,58,8,100,8,,ホッコータルマエ,
札10,ダ,1700,3, ハイクオリティ,(栗),今野貞一,フーリー,5,,3,3,58,1,49,7,98,3,161,6,,リアルスティール,
名7,ダ,1800,5, ハギノサステナブル,(栗),高野友和,鮫島克駿,10,,6,2,30,5,66,2,110,5,227,2,,サトノダイヤモンド,
名1,芝,1400,3, パストザクラウン,(栗),高橋義忠,今村聖奈,4,,3,4,30,6,64,3,114,1,207,1,,サトノクラウン,
札12,芝,1800,3, バセリーナ,(美),松山将樹,武豊,7,,2,7,29,10,44,10,68,13,54,13,,ウインブライト,
新4,ダ,1200,2, パッサージュワイズ,(美),天間昭一,菅原隆一,8,,1,10,11,14,13,14,87,10,92,14,,ヴァンセンヌ,
名9,芝,3000,6, バトラーズワーフ,(美),浅利英明,坂口智康,4,,2,2,49,3,28,4,131,1,227,1,,ブリックスアンドモルタル,
札5,芝,2000,7, バトルナイト,(栗),武英智,松山弘平,4,,5,4,38,3,37,2,49,6,152,5,,ベンバトル,
新9,ダ,1200,4, ハヌル,(美),岩戸孝樹,江田照男,5,,2,8,20,10,49,5,72,10,89,11,,トゥザグローリー,
名7,ダ,1800,13, ハピ,(栗),大久保龍,幸英明,3,,3,5,34,4,63,3,129,3,242,1,,キズナ,
新6,ダ,1800,5, パフ,(栗),橋口慎介,コレット,10,,3,6,13,12,37,9,74,10,97,11,,レイデオロ,
名2,芝,2000,3, バヤールロック,(栗),中村直也,幸英明,2,,2,5,24,7,21,8,53,5,129,7,,ルーラーシップ,
札10,ダ,1700,8, ハヤブサオヒメサマ,(栗),渡辺薫彦,松山弘平,9,,3,3,39,7,69,2,60,11,97,9,,ロードカナロア,
新9,ダ,1200,13, バルジール,(美),久保田貴,田辺裕信,8,,2,8,49,4,36,10,91,7,107,9,,ルヴァンスレーヴ,
札9,芝,2000,2, ハルフロンティア,(栗),池添学,松山弘平,2,,2,5,65,1,70,1,113,3,212,4,,レイデオロ,
新8,芝,1400,11, パワースナッチ,(美),武市康男,津村明秀,5,,2,5,35,4,54,7,92,4,194,1,,ブリックスアンドモルタル,
新5,芝,1800,4, バンオンタイム,(美),田中博康,津村明秀,9,,2,5,38,3,71,1,117,3,236,2,,ロードカナロア,
札11,芝,1200,3, パンジャタワー,(栗),橋口慎介,松山弘平,1,,6,1,43,4,60,3,150,2,256,2,,タワーオブロンドン,
新12,ダ,1800,10, パンパネイラ,(美),高橋文雅,菊沢一樹,9,,2,5,20,10,39,7,84,9,176,6,,ドレフォン,
新3,芝,1600,10, ヒーローシー,(美),石栗龍彦,上里直汰,11,,1,11,12,11,14,11,45,8,107,11,,マクフィ,
新4,ダ,1200,3, ピクシーゲイル,(美),松永康利,木幡育也,15,,1,10,12,13,15,12,79,12,124,10,,ダノンスマッシュ,
新5,芝,1800,18, ピコプリンセス,(美),伊藤大士,石橋脩,3,,2,5,21,12,42,8,98,9,150,11,,ベンバトル,
名12,ダ,1200,5, ヒッグスボソン,(栗),高橋義忠,永島まな,3,,7,1,20,10,52,6,112,4,196,7,,ファインニードル,
名6,芝,1600,5, ビップディラン,(栗),小椋研介,Ｍ．デム,5,,2,8,42,5,69,1,50,13,137,6,,ミッキーグローリー,
札8,芝,1800,6, ピティロディア,(美),室井潔,ヘルナン,7,,1,9,19,10,45,7,66,9,124,11,,キンシャサノキセキ,
名1,芝,1400,1, ビバームス,(栗),高橋亮,長岡禎仁,5,,3,4,24,7,55,6,85,3,161,4,,カラヴァッジオ,
札3,ダ,1700,12, ヒマラヤミュサ,(栗),畑端省吾,荻野琢真,9,,3,5,14,12,17,13,89,11,149,11,,アジアエクスプレス,
札10,ダ,1700,9, ヒミノエトワール,(栗),宮地貴稔,ロイド,8,,2,5,42,5,51,6,87,5,188,3,,パイロ,
札10,ダ,1700,12, ヒルノピレネー,(栗),北出成人,川田将雅,13,,2,5,48,3,58,5,81,7,87,10,,ジャスタウェイ,
名12,ダ,1200,11, ファイアプレイス,(栗),小林真也,西村淳也,8,,3,6,36,7,56,3,104,6,236,3,,パイロ,
札3,ダ,1700,13, ファイアリービート,(美),鈴木慎太,ヘルナン,3,,4,3,52,1,61,4,103,7,197,8,,パイロ,
札4,芝,1200,6, ファイティンアスク,(栗),中内田充,小沢大仁,2,,2,6,21,11,55,4,73,13,73,15,,エピファネイア,
札6,芝,1500,10, ファニーバニー,(栗),杉山佳明,小林美駒,7,,2,8,30,8,48,8,82,8,159,4,,シスキン,
名3,芝,1400,4, ファミーリエ,(栗),清水久詞,吉村誠之,3,,3,3,31,3,33,3,58,4,144,4,,キズナ,
札7,ダ,2400,11, ブーケドグレイス,(美),相沢郁,横山琉人,1,,2,7,18,10,41,9,74,11,146,9,,ヴァンセンヌ,
新2,芝,2000,11,$フォルスラヴィ,(美),伊藤大士,田辺裕信,4,,2,4,39,2,39,1,48,6,129,7,,"Mystic Guide",
新12,ダ,1800,3, フォンドルレール,(美),戸田博文,吉田豊,4,,2,5,33,4,63,2,123,1,255,1,,ルヴァンスレーヴ,
名10,ダ,1800,14,$ブクブクー,(栗),小栗実,渡辺竜也,,,2,5,22,9,38,10,101,6,219,2,,Yaupon,
新5,芝,1800,6, フジサン,(美),古賀大生,大野拓弥,2,,2,5,22,11,51,4,115,5,228,3,,キズナ,
札6,芝,1500,7, ブライトフレア,(栗),佐藤悠太,浜中俊,4,,2,8,27,10,43,10,59,10,91,11,,ポエティックフレア,
札8,芝,1800,3, ブランヴァンダイク,(栗),辻野泰之,小沢大仁,1,,4,3,41,3,40,9,103,6,170,7,,エピファネイア,
新4,ダ,1200,5, フランシスガリバー,(美),千葉直人,北村友一,9,,2,3,31,7,23,11,33,14,95,12,,モーリス,
名1,芝,1400,4, プリンキピッサ,(栗),高野友和,西村淳也,2,Ｔ,5,1,64,1,66,1,82,4,170,2,,エフフォーリア,
札3,ダ,1700,3, ブルーアンビエンス,(美),菊沢隆徳,河原田菜,6,,2,7,13,13,29,10,72,13,103,13,,レイデオロ,
札3,ダ,1700,1, ブルーエ,(美),中舘英二,長浜鴻緒,,,2,7,20,11,39,9,114,3,209,5,,トーセンレーヴ,
名7,ダ,1800,12, ブルーサン,(栗),宮地貴稔,田口貫太,12,,3,5,11,14,39,9,69,15,87,15,,モーニン,
名9,芝,3000,5, ブルーセルリアン,(栗),宮徹,井上敏樹,,,2,2,55,1,26,7,44,7,145,5,,エイシンフラッシュ,
新4,ダ,1200,14, ブルーダイヤシチー,(美),上原博之,佐藤翔馬,13,,2,3,21,10,53,5,97,8,186,6,,エスポワールシチー,
新6,ダ,1800,8, プルートマスター,(栗),今野貞一,坂井瑠星,6,,4,3,55,2,68,2,97,2,147,1,,ロードカナロア,
新12,ダ,1800,2, ブルーブロディ,(美),伊坂重信,上里直汰,6,,1,12,39,3,23,9,102,7,121,10,,アジアエクスプレス,
名5,芝,2000,3, ブルーミングローズ,(栗),高野友和,西村淳也,7,,5,2,49,3,35,10,121,2,185,5,,サートゥルナーリア,
名12,ダ,1200,10, フルドフォルク,(栗),庄野靖志,加藤祥太,,,3,6,13,12,39,11,87,12,166,10,,アルアイン,
札4,芝,1200,2, ブレッティレディ,(栗),高橋一哉,ロイド,6,,2,6,13,14,29,11,81,12,96,13,,シュヴァルグラン,
新6,ダ,1800,7, ブレトワルダ,(美),新開幸一,津村明秀,4,,2,8,38,5,70,1,52,14,93,12,,マジェスティックウォリアー,
新2,芝,2000,3, プロテウス,(美),田中博康,津村明秀,5,,5,1,33,5,35,3,48,6,154,1,,キタサンブラック,
札6,芝,1500,14, ベアサナエチャン,(美),杉浦宏昭,松山弘平,10,,4,2,40,4,65,2,105,3,157,5,,レイデオロ,
名11,芝,1400,11,*ペアレンツギフト,(栗),中内田充,中井裕二,1,,4,2,47,4,26,14,52,17,91,11,,"St Mark's Basilica",
札1,ダ,1000,9, ペイシャクロス,(美),粕谷昌央,長浜鴻緒,10,,2,4,51,5,60,3,89,6,227,3,,ニシケンモノノフ,
名7,ダ,1800,7, ペイシャモノノフ,(栗),畑端省吾,高倉稜,16,,3,5,48,2,52,6,81,14,80,16,,ニシケンモノノフ,
名11,芝,1400,5, ペールノエル,(栗),西村真幸,国分優作,,,2,8,33,7,62,2,65,12,117,8,,モーリス,
名1,芝,1400,5, ベニバナ,(栗),渡辺薫彦,田山旺佑,1,,5,1,34,3,64,3,92,2,166,3,,モーリス,
札12,芝,1800,7, ベネスピラ,(美),鹿戸雄一,ナレドゥ,3,,2,7,32,8,13,14,76,12,90,12,,レイデオロ,
札1,ダ,1000,10, ベルグランボヌール,(栗),須貝尚介,小林美駒,3,,2,4,41,6,28,10,75,12,68,11,,モーリス,
名11,芝,1400,6, ベルサ,(栗),鈴木孝志,今村聖奈,2,,2,8,47,4,27,13,101,3,150,6,,マクフィ,
名5,芝,2000,1, ベルシュヴァル,(栗),中村直也,渡辺竜也,4,,3,6,24,9,52,6,90,6,184,6,,ベンバトル,
新9,ダ,1200,15, ベルゼビュート,(美),高木登,菊沢一樹,2,,3,4,34,7,60,2,104,2,209,1,,オーヴァルエース,
新11,芝,1000,10, ベルタソ,(美),秋本大介,小崎綾也,5,,2,2,32,6,33,10,63,7,153,2,,ミッキーアイル,
名8,ダ,1200,9, ベルピルエット,(栗),小崎憲,田口貫太,4,,3,7,13,14,21,14,76,9,103,10,,ヘニーヒューズ,
新8,芝,1400,12, ホウオウシェリー,(美),池上昌和,坂井瑠星,4,,2,5,63,1,57,4,84,6,147,4,,ブリックスアンドモルタル,
名11,芝,1400,16, ホウオウドルーリー,(栗),宮徹,渡辺竜也,6,,2,8,28,10,12,17,71,10,55,15,,マインドユアビスケッツ,
札3,ダ,1700,2,*ホウオウファラオ,(美),奥村武,岩田康誠,7,,2,7,26,9,57,5,121,2,225,4,,"American Pharoah",
札6,芝,1500,11, ホウオウペトリュス,(栗),須貝尚介,横山和生,5,,4,2,20,12,47,9,111,2,199,1,,スワーヴリチャード,
新9,ダ,1200,8, ホウオウルクソール,(美),栗田徹,北村友一,9,,4,1,42,6,67,1,94,5,164,3,,ヘニーヒューズ,
名10,ダ,1800,10, ボクサークラブ,(栗),杉山佳明,松若風馬,8,,2,5,28,8,53,3,111,4,206,5,,レイデオロ,
名3,芝,1400,1, ポッドハンター,(栗),前川恭子,藤懸貴志,7,,4,2,22,7,23,7,48,6,131,6,,ディスクリートキャット,
新11,芝,1000,13, ポップグルーヴ,(美),小手川準,佐藤翔馬,,,2,2,33,5,12,17,80,3,66,13,,レッドファルクス,
札5,芝,2000,4, ボディビルダー,(美),相沢郁,岩田望来,5,,5,4,29,6,30,6,74,1,171,2,,ゴールドシップ,
新5,芝,1800,15, ポポラヴィスタ,(美),鈴木慎太,石神深道,,,2,5,48,1,29,11,93,10,181,8,,ダノンバラード,
名5,芝,2000,5, マーゴットレジーナ,(栗),小林真也,菱田裕二,,,2,7,30,5,64,3,88,7,215,4,,モーリス,
札10,ダ,1700,13, マーシヴィガラス,(美),的場均,岩田望来,,,2,5,47,4,27,12,40,14,62,11,,ネロ,
名7,ダ,1800,9, マーズオデッセイ,(美),田中勝春,吉村誠之,14,,2,10,22,8,56,4,107,6,191,6,,アドマイヤマーズ,
札11,芝,1200,7, マイネルジェロディ,(美),室井潔,ヘルナン,16,,1,14,29,9,26,16,28,16,23,16,,スクリーンヒーロー,
札8,芝,1800,9, マイネルシンベリン,(美),武市康男,丹内祐次,4,,2,6,53,1,63,3,106,5,253,1,,リオンディーズ,
札12,芝,1800,2, マイネルフォルツァ,(美),金成貴史,レーン,10,,2,7,29,10,58,4,90,5,113,7,,ゴールドシップ,
札9,芝,2000,6, マイネルマスター,(美),青木孝文,ロイド,11,,1,11,14,11,29,11,62,12,125,10,,シルバーステート,
新10,芝,2000,10, マイネルモメンタム,(美),相沢郁,石川裕紀,8,,2,6,53,2,62,3,92,9,174,6,,ゴールドシップ,
新7,芝,1600,8, マイホームパパ,(美),深山雅史,江田照男,9,,1,8,23,7,26,9,66,6,153,3,,ミッキーグローリー,
新7,芝,1600,6, マインドフルネス,(美),村田一誠,菊沢一樹,7,,1,8,20,10,20,10,21,10,91,10,,ダノンバラード,
新9,ダ,1200,9, マオノクラッシュ,(美),黒岩陽一,コレット,4,,4,1,55,2,46,6,74,9,130,6,,リアルインパクト,
名12,ダ,1200,14, マクアケ,(栗),杉山佳明,松若風馬,12,,2,10,34,8,63,1,134,1,243,2,,エスポワールシチー,
名2,芝,2000,5, マスリュウオー,(栗),加藤公太,田山旺佑,5,,3,4,30,4,29,5,59,4,171,2,,エフフォーリア,
札5,芝,2000,6, マテンロウバモス,(栗),昆貢,横山典弘,1,,6,3,39,2,35,3,65,4,156,4,,エフフォーリア,
名7,ダ,1800,3, マリアナトレンチ,(栗),東田明士,松若風馬,5,,2,10,14,11,21,13,90,10,170,8,,ハーツクライ,
名7,ダ,1800,11, マリオロード,(栗),安達昭夫,国分優作,8,,2,10,20,9,37,10,83,13,133,11,,キタサンブラック,
札12,芝,1800,6, マルカオペラ,(栗),浜田多実,松山弘平,8,,5,2,40,7,46,8,81,10,155,4,,ハービンジャー,
新8,芝,1400,3, マンウォル,(美),菊沢隆徳,菊沢一樹,,,2,5,18,12,46,8,39,12,78,11,,ブリックスアンドモルタル,
名2,芝,2000,7, マンナット,(栗),斉藤崇史,渡辺竜也,1,Ｓ,7,1,32,2,30,4,50,7,129,7,,キズナ,
名7,ダ,1800,8, マンマリアーレ,(美),高木登,柴田裕一,13,,3,5,9,16,30,12,93,9,111,13,,ゴールドシップ,
札12,芝,1800,1, ミーントゥビー,(美),堀内岳志,川田将雅,6,,4,4,59,2,56,5,85,8,153,5,,リアルインパクト,
新4,ダ,1200,12, ミエスタ,(美),加藤征弘,坂井瑠星,5,,2,3,37,6,56,2,105,4,223,3,,スワーヴリチャード,
新11,芝,1000,7, ミエノブラボー,(美),田中勝春,丸田恭介,,,2,2,35,4,64,2,68,6,132,5,,リオンディーズ,
札7,ダ,2400,8, ミスターエメラルド,(栗),中村直也,岩田望来,2,,2,7,57,1,57,4,119,2,197,4,,ドレフォン,
名7,ダ,1800,10, ミッキークレスト,(栗),大久保龍,酒井学,11,,1,15,10,15,14,16,101,7,150,9,,ジャスタウェイ,
新4,ダ,1200,1, ミッキーサウザンド,(美),古賀大生,津村明秀,10,,2,3,57,1,42,8,133,1,230,2,,ミッキーアイル,
名6,芝,1600,4, ミッキースターダム,(栗),前川恭子,高杉吏麒,11,,2,8,41,6,33,11,87,6,113,10,,エピファネイア,
名4,ダ,1900,14, ミニュイ,(栗),秋山真一,柴田裕一,14,,1,12,11,13,32,10,96,4,129,11,,ドレフォン,
札12,芝,1800,12, ミリオンクラウン,(美),和田雄二,横山典弘,1,,5,2,62,1,64,2,101,3,213,1,,リーチザクラウン,
名6,芝,1600,13, ムーンウォーリア,[地],笹野博司,渡辺竜也,,,1,14,30,8,7,14,26,14,31,14,,ベストウォーリア,
札2,芝,1500,12, ムッチリスタイル,(栗),佐藤悠太,岩田望来,3,,2,6,58,2,58,5,48,10,118,8,,スワーヴリチャード,
名11,芝,1400,9, メイクワンズデイ,(栗),宮地貴稔,松若風馬,8,,4,2,56,2,54,4,86,5,160,4,,ベンバトル,
名4,ダ,1900,1, メイショウイッカク,(栗),池添学,中井裕二,12,,4,1,21,8,31,11,86,9,126,12,,ドレフォン,
名9,芝,3000,4, メイショウゲキリン,(栗),笹田和秀,小牧加矢,3,,3,1,33,4,29,3,98,3,171,2,,キズナ,
名4,ダ,1900,13, メイショウゴッホ,(栗),飯田祐史,角田大和,11,,1,12,19,11,40,9,82,10,177,7,,ヴァンゴッホ,
新5,芝,1800,5, メイショウコハル,(栗),四位洋文,石川裕紀,11,,3,3,34,6,50,5,121,2,191,7,,ダノンキングリー,
新12,ダ,1800,11, メイショウソラル,(美),和田勇介,小崎綾也,5,,2,5,19,11,37,8,86,8,132,9,,ダノンレジェンド,
札9,芝,2000,11, メイショウテンク,(栗),荒川義之,吉田隼人,3,,2,5,39,9,68,2,76,10,166,7,,ポエティックフレア,
札4,芝,1200,5, メイショウテンジン,(栗),高橋亮,古川吉洋,15,,2,6,47,3,25,12,111,4,226,4,,フォーウィールドライブ,
名10,ダ,1800,12, メイショウナナシロ,(栗),石橋守,幸英明,2,,2,5,57,2,53,3,93,8,191,6,,カリフォルニアクローム,
名5,芝,2000,10, メイショウピリカ,(栗),本田優,今村聖奈,5,,2,7,52,1,67,1,98,4,150,8,,オルフェーヴル,
名9,芝,3000,8, メイショウヘール,(栗),大橋勇樹,中村将之,5,,2,2,32,5,28,4,62,6,141,6,,シュヴァルグラン,
札1,ダ,1000,12, メイショウマドンナ,(栗),荒川義之,吉田隼人,7,,2,4,59,2,66,2,99,5,230,2,,フィレンツェファイア,
名7,ダ,1800,14, メイショウユズルハ,(栗),岡田稲男,菱田裕二,7,,1,15,13,12,18,15,88,12,116,12,,ディスクリートキャット,
札3,ダ,1700,8, メイショウライゴー,(栗),安達昭夫,小林美駒,11,,2,7,22,10,20,12,43,14,81,14,,ヴァンゴッホ,
新11,芝,1000,9, メイヨシュア,(美),水野貴広,武藤雅,8,,1,12,18,12,31,11,47,13,113,7,,ニューイヤーズデイ,
新4,ダ,1200,7, メビウスロマンス,(美),矢嶋大樹,嶋田純次,14,,4,2,49,4,54,4,100,7,223,3,,ニューイヤーズデイ,
新10,芝,2000,5, モウエエデショー,(美),萱野浩二,原優介,9,,2,6,22,10,56,7,124,1,252,1,,ダノンプレミアム,
札6,芝,1500,4, モノポリオ,(美),森一誠,ルメール,3,,3,6,41,2,57,5,99,5,144,7,,リアルスティール,
新6,ダ,1800,15, モモンウールー,(栗),池添学,原優介,13,,4,3,42,4,51,8,78,7,100,9,,ドレフォン,
新10,芝,2000,1, モルゲンゾンネ,(美),矢嶋大樹,上里直汰,,,3,5,46,5,21,12,18,12,56,12,,レイデオロ,
札6,芝,1500,6, モルニケ,(美),金成貴史,横山武史,8,,2,8,41,2,72,1,63,9,145,6,,インディチャンプ,
名12,ダ,1200,16, ヤマニンコルザ,(栗),長谷川浩,吉村誠之,1,,4,4,51,3,52,6,91,10,226,4,,リオンディーズ,
新4,ダ,1200,6, ユイハホンキダゼ,(美),尾関知人,大野拓弥,1,,2,3,51,2,49,6,104,6,212,5,,ディープブリランテ,
札10,ダ,1700,6, ユウェンタース,(栗),宮徹,ルメール,10,,2,5,31,10,47,9,79,9,121,7,,マインドユアビスケッツ,
名12,ダ,1200,8, ユウトザイシン,(栗),千田輝彦,藤懸貴志,,,1,15,9,16,30,12,92,9,117,14,,リアルインパクト,
札4,芝,1200,7, ユーベルジーク,(美),辻哲英,和田陽希,14,,1,14,13,14,38,9,36,16,38,16,,タワーオブロンドン,
新8,芝,1400,9, ユキノエミリオ,(美),竹内正洋,木幡初也,7,,1,11,20,9,25,10,70,8,130,7,,ビッグアーサー,
新6,ダ,1800,9, ユキノロイヤル,(美),小野次郎,石橋脩,12,,2,8,49,3,27,12,79,6,100,9,,ディーマジェスティ,
札9,芝,2000,10, ユメシルベ,(美),粕谷昌央,長浜鴻緒,8,,1,11,14,11,20,13,93,7,159,8,,ウインブライト,
新11,芝,1000,17, ヨドノティアラ,(美),矢嶋大樹,津村明秀,1,,2,2,55,1,56,4,69,4,145,4,,マテラスカイ,
名1,芝,1400,2, ラインエレガント,(栗),牧田和弥,吉村誠之,6,,2,6,33,4,66,1,58,5,141,6,,イスラボニータ,
名7,ダ,1800,16, ラインオブソウル,(栗),東田明士,角田大和,9,,2,10,13,12,20,14,69,15,105,14,,シニスターミニスター,
新10,芝,2000,9, ラヴィニール,(栗),武英智,北村友一,10,,4,2,51,3,32,9,104,4,130,8,,キズナ,
名8,ダ,1200,8, ラッキーバック,(栗),西村真幸,亀田温心,,,2,10,50,4,30,10,108,4,192,4,,タワーオブロンドン,
名12,ダ,1200,2, ラッキーラグーン,(栗),高柳大輔,亀田温心,9,,4,4,11,15,9,16,37,16,56,16,,アジアエクスプレス,
新8,芝,1400,7, ラパンチュール,(美),蛯名正義,田辺裕信,2,,2,5,39,3,65,1,67,10,144,5,,タワーオブロンドン,
名10,ダ,1800,11, ラミエルノムスコ,(栗),千田輝彦,吉村誠之,5,,2,5,32,6,40,7,127,2,210,4,,シルバーステート,
札8,芝,1800,5, ララオウ,(栗),須貝尚介,小林美駒,,,5,2,43,2,41,8,119,2,205,2,,エタリオウ,
新3,芝,1600,6, ランブリングガール,(美),小手川準,菊沢一樹,5,,2,5,20,8,20,7,41,12,126,8,,ルーラーシップ,
新11,芝,1000,14, リアアーテシアン,(美),武井亮,上里直汰,,,2,2,14,13,21,14,49,11,75,12,,シルバーステート,
新9,ダ,1200,2, リアライズタキオン,(美),手塚貴久,嶋田純次,6,,3,4,13,12,16,14,104,2,113,8,,ルヴァンスレーヴ,
名11,芝,1400,17, リアライズブラーヴ,(栗),杉山晴紀,Ｍ．デム,11,,5,1,29,9,42,7,80,7,111,9,,エピファネイア,
札4,芝,1200,8,$リアララ,(栗),中内田充,川田将雅,1,,5,2,43,4,73,1,108,5,155,10,,"Home Affairs",
札2,芝,1500,3, リーゼントエース,(栗),矢作芳人,池添謙一,2,,3,4,50,4,47,8,81,4,165,3,,エフフォーリア,
名2,芝,2000,8, リヴァイアサン,(栗),四位洋文,田口貫太,7,,2,5,22,8,24,7,63,3,144,5,,マインドユアビスケッツ,
名6,芝,1600,12, リカントロポ,(栗),梅田智之,幸英明,1,,2,8,23,11,53,6,98,2,127,7,,グレーターロンドン,
札5,芝,2000,1, リズムオブサンダー,(栗),須貝尚介,横山武史,,,5,4,35,4,35,3,66,3,181,1,,サンダースノー,
名7,ダ,1800,6, リチュアル,(栗),千田輝彦,長岡禎仁,6,,4,3,30,5,35,11,113,4,222,3,,キングカメハメハ,
新9,ダ,1200,7, リッチハンター,(美),本間忍,石田拓郎,,,2,8,11,14,17,12,67,11,81,12,,ホッコータルマエ,
名8,ダ,1200,1, リトムテール,(栗),渡辺薫彦,田山旺佑,,,4,3,13,14,17,16,66,12,75,14,,デクラレーションオブウォー,
札4,芝,1200,10, リネアベルタ,(栗),宮地貴稔,岩田康誠,10,,2,6,24,10,60,2,97,7,210,5,,イスラボニータ,
札7,ダ,2400,4, リバーソニック,(栗),浜田多実,松山弘平,4,,3,5,40,4,72,1,105,5,233,1,,ルヴァンスレーヴ,
新6,ダ,1800,11, リバートゥルー,(美),久保田貴,吉田豊,5,Ｃ,5,1,23,10,53,7,113,1,131,5,,レッドファルクス,
名11,芝,1400,3, リピ,(栗),西園翔太,鮫島克駿,10,,2,8,43,6,53,5,67,11,92,10,,ロードカナロア,
新10,芝,2000,4, リポサンテ,(美),蛯名正義,田辺裕信,5,,2,6,39,7,72,1,120,2,220,2,,ブリックスアンドモルタル,
札11,芝,1200,11, リラエンブレム,(栗),武幸四郎,ルメール,11,,4,4,29,9,33,14,118,4,198,5,,キズナ,
札1,ダ,1000,4, ルーチェコメット,(栗),長谷川浩,松山弘平,12,,5,1,59,2,45,8,122,2,207,5,,ダノンキングリー,
新3,芝,1600,8, ルーチェルナーレ,(美),稲垣幸雄,石神深道,6,,1,11,12,11,12,12,45,8,107,11,,サートゥルナーリア,
新10,芝,2000,6, ルーリングクラス,(美),森一誠,丸山元気,4,,6,1,54,1,60,4,96,8,178,5,,ルーラーシップ,
札6,芝,1500,2, ルールザウェイヴ,(美),宮田敬介,武豊,1,,7,1,67,1,65,2,104,4,193,2,,ロードカナロア,
札6,芝,1500,5, ルクスアドラー,(美),平岩大典,横山典弘,2,,4,2,29,9,55,6,47,13,95,9,,オルフェーヴル,
新11,芝,1000,1, ルクスコロン,(美),堀内岳志,杉原誠人,7,,1,12,22,10,26,13,69,4,92,10,,モーリス,
札12,芝,1800,9, ルクスジニア,(美),松尾卓哉,ルメール,2,,3,5,43,6,68,1,92,4,172,3,,キズナ,
名11,芝,1400,12, ルクスノア,(栗),平田修,藤懸貴志,12,,4,2,15,13,34,10,58,15,60,14,,オルフェーヴル,
新6,ダ,1800,12, ルクスビッグスター,(栗),清水久詞,武藤雅,14,,3,6,13,12,27,12,77,8,112,7,,キタサンブラック,
新5,芝,1800,17, ルサフィール,(美),矢野英一,野中悠太,10,,1,14,12,14,16,15,64,16,57,16,,シャンハイボビー,
札11,芝,1200,2, ルシード,(美),田島俊明,レーン,9,,2,9,32,6,55,6,97,8,128,8,,スクリーンヒーロー,
名12,ダ,1200,6, ルナフィオーレ,(栗),庄野靖志,斎藤新,5,,3,6,47,4,28,13,120,2,246,1,,シルバーステート,
新8,芝,1400,8, レイククレセント,(美),大竹正博,北村友一,1,,5,1,51,2,57,4,93,3,140,6,,ハーツクライ,
新3,芝,1600,4, レイヤードホワイト,(美),手塚貴久,嶋田純次,12,,6,1,22,7,20,7,74,1,171,1,,ゴールドシップ,
新1,芝,1400,9, レオリアライズ,(美),牧光二,石橋脩,9,,3,2,58,1,49,6,70,4,145,3,,デクラレーションオブウォー,
札3,ダ,1700,4, レジオンポレール,(美),堀宣行,レーン,1,,5,2,41,3,64,3,113,4,199,6,,エピファネイア,
札12,芝,1800,5, レッセパッセ,(美),柄崎将寿,横山武史,12,,2,7,26,12,46,8,86,6,100,9,,ダノンバラード,
新7,芝,1600,2, レッチュベルク,(美),久保田貴,田辺裕信,1,,5,1,57,3,69,2,67,5,160,1,,インディチャンプ,
札4,芝,1200,12, レッドアイスピア,(栗),中竹和也,河原田菜,9,,2,6,33,7,57,3,95,8,251,3,,リオンディーズ,
札11,芝,1200,12, レッドアヴァンティ,(美),尾関知人,岩田康誠,15,,2,9,16,13,45,8,47,14,70,14,,ドゥラメンテ,
名4,ダ,1900,5, レッドセドナ,(栗),藤原英昭,川端海翼,5,,2,4,11,13,28,14,87,8,93,14,,キズナ,
名7,ダ,1800,15, レッドプロフェシー,(栗),大久保龍,田山旺佑,4,,2,10,20,9,45,8,96,8,150,9,,ルーラーシップ,
名1,芝,1400,7, レットミーゴー,(栗),西村真幸,城戸義政,7,,2,6,42,2,39,7,29,7,101,7,,ブリックスアンドモルタル,
札10,ダ,1700,7, レッドライトニング,(美),浅利英明,レーン,3,,2,5,33,9,48,8,113,2,180,4,,エイシンフラッシュ,
名4,ダ,1900,15, レディトゥフライト,(栗),寺島良,森田誠也,8,,2,4,24,7,52,6,105,2,230,4,,フリオーソ,
札10,ダ,1700,1, ローズマイスター,(美),黒岩陽一,武豊,1,,2,5,40,6,68,3,86,6,190,2,,ドレフォン,
名10,ダ,1800,6, ロードファイター,(栗),東田明士,団野大成,4,,3,2,34,5,63,1,96,7,179,7,,ホッコータルマエ,
札11,芝,1200,16, ロードフォアエース,(栗),友道康夫,岩田望来,10,,2,9,21,12,39,10,109,5,128,8,,ロードカナロア,
名12,ダ,1200,1, ロードフリューゲル,(栗),上村洋行,田口貫太,6,,5,3,12,13,20,14,91,10,129,12,,ロードカナロア,
名7,ダ,1800,4, ロードプレジール,(栗),佐藤悠太,斎藤新,15,,3,5,27,7,56,4,135,1,204,4,,キングカメハメハ,
新2,芝,2000,10, ロジグローリー,(美),牧光二,丸山元気,11,Ｃ,2,4,24,7,19,9,63,1,129,7,,ロジユニヴァース,
札11,芝,1200,13, ロジケープ,(美),尾形和幸,丹内祐次,2,,5,3,34,5,68,1,56,13,88,12,,ロジユニヴァース,
札4,芝,1200,3, ロジスカヤ,(美),新開幸一,長浜鴻緒,4,,2,6,20,12,40,6,89,10,162,9,,シルバーステート,
新5,芝,1800,11, ロックユアライフ,(美),田中博康,小崎綾也,13,,1,14,12,14,19,14,89,14,137,13,,サートゥルナーリア,
新6,ダ,1800,13, ロフティストーリー,(美),久保田貴,大野拓弥,8,Ｃ,5,1,32,7,61,5,96,3,146,2,,マインドユアビスケッツ,
札1,ダ,1000,8, ロングフルスペック,(栗),大根田裕,古川吉洋,8,,2,4,24,8,54,4,87,8,196,6,,フォーウィールドライブ,
名11,芝,1400,8, ロンティケチャップ,(栗),牧田和弥,森田誠也,,,1,17,7,17,33,12,65,12,61,12,,リーチザクラウン,
新5,芝,1800,10, ワイズファミリア,(美),本間忍,丸田恭介,14,,2,5,31,8,63,2,110,6,252,1,,ブリックスアンドモルタル,
名8,ダ,1200,4, ワイルドブッター,(栗),武英智,高倉稜,,,2,10,21,11,46,5,63,15,76,13,,キンシャサノキセキ,
札12,芝,1800,14, ワザモノ,(美),尾関知人,岩田望来,,,2,7,50,4,63,3,83,9,125,6,,マツリダゴッホ,
名6,芝,1600,14, ワンモアスマイル,(栗),藤岡健一,菱田裕二,6,,2,8,15,13,43,8,65,11,63,12,,ブリックスアンドモルタル,
新9,ダ,1200,5, ワンモメンタム,(美),古賀大生,原優介,11,,1,14,13,12,17,12,93,6,76,13,,ルヴァンスレーヴ,
