京7,芝,1200,12, アーリントンロウ,(栗),松下武士,国分優作,5,,3,7,48,5,38,9,126,1,206,2,,タワーオブロンドン
京12,芝,1200,11, アイニードユー,(栗),吉村圭司,川田将雅,1,,3,3,62,1,68,2,90,3,147,4,,ファインニードル
東2,芝,1400,15,$アイビークロノス,(美),牧光二,木幡巧也,14,,1,15,11,13,19,15,76,9,98,11,,"Drain the Clock"
京2,芝,1600,2, アイルエクラ,(栗),新谷功一,田山旺佑,9,,2,4,21,8,28,9,58,6,118,7,,クリソベリル
京10,ダ,1200,3, アガシ,(栗),庄野靖志,田口貫太,13,,2,11,14,13,21,13,92,6,169,5,,エピファネイア
京11,芝,2400,6, アクアヴァーナル,(栗),四位洋文,松山弘平,2,,3,9,42,3,67,2,115,4,204,3,,エピファネイア
京5,芝,2000,5, アスクハイタッチ,(栗),藤原英昭,西塚洸二,7,,3,3,22,7,29,6,49,7,142,6,,サートゥルナーリア
東3,ダ,1600,16, アストロカノン,(美),高柳瑞樹,佐々木大,13,,2,8,12,11,18,10,51,7,105,13,,アルクトス
東4,ダ,3000,3, アップストローク,(美),杉浦宏昭,草野太郎,1,,2,4,53,1,30,2,56,11,130,6,,ディーマジェスティ
京3,ダ,1400,9, アップルペアー,(栗),大根田裕,河原田菜,11,,1,13,9,14,8,14,31,16,104,14,,スマートファルコン
東2,芝,1400,12, アテナプロマコス,(美),和田勇介,岩田康誠,13,,2,6,16,11,38,11,39,15,38,15,,ジャスタウェイ
東11,芝,1800,16, アドマイヤクワッズ,(栗),友道康夫,坂井瑠星,6,,2,11,35,5,55,3,127,3,204,3,,リアルスティール
東7,ダ,1400,8, アバレリュウ,(美),鈴木慎太,野中悠太,3,,2,9,20,10,53,3,76,12,62,14,,マクフィ
京4,芝,1400,15, アマスペラーレ,(栗),渡辺薫彦,酒井学,15,,2,5,20,10,18,14,30,16,116,14,,キズナ
京3,ダ,1400,13, アマリス,(栗),高橋一哉,Ｍ．デム,13,,2,9,28,6,24,6,38,12,117,11,,アジアエクスプレス
京8,ダ,1400,2,$アメリカンポリス,(栗),池江泰寿,鮫島克駿,6,,5,1,34,7,22,12,83,3,63,11,,"Into Mischief"
東10,ダ,1600,4, アラレタバシル,(美),松尾卓哉,丸山元気,4,,3,3,35,6,63,3,108,3,142,4,,ケープブランコ
東3,ダ,1600,5, アルヴィットーリア,(美),新開幸一,石田拓郎,15,,2,8,9,14,10,15,37,13,106,12,,アルクトス
京7,芝,1200,15, アルサック,(栗),柴田卓,北村友一,9,,2,12,58,3,53,5,93,6,222,1,,シルバーステート
東4,ダ,3000,6, アンノウンウォリア,(栗),平田修,黒岩悠,13,,4,1,14,12,10,13,56,11,105,12,,マジェスティックウォリアー
京5,芝,2000,2, アンバーライト,(栗),森田直行,田山旺佑,12,,1,12,12,11,11,12,43,10,105,11,,エイシンフラッシュ
京4,芝,1400,9,*イグナイトフィール,(栗),藤岡健一,田山旺佑,6,,2,5,29,6,28,5,55,4,154,3,,"Life Is Good"
東7,ダ,1400,7, イサチルシーキング,(美),辻哲英,大野拓弥,7,,2,9,35,4,36,7,101,4,136,7,,アメリカンペイトリオット
東1,芝,1800,12,$イニシャルポイント,(美),高木登,丹内祐次,5,,2,6,30,4,65,3,106,1,231,1,,Flightline
東9,芝,1400,3, イヌボウノウタゴエ,(美),西田雄一,横山武史,3,,4,1,57,1,64,3,132,1,206,2,,シスキン
京6,ダ,1800,9,*インディゴ,(栗),野中賢二,富田暁,12,,1,16,11,15,44,8,49,16,60,16,,"Tiz the Law"
京3,ダ,1400,5, インユアスカイ,(栗),吉岡辰弥,北村友一,4,,3,3,40,1,34,3,48,9,144,4,,ドレフォン
東7,ダ,1400,16, ヴァルボナ,(美),中舘英二,内田博幸,14,,2,9,18,12,20,12,114,2,142,4,,ミッキーアイル
京9,芝,2000,8, ヴィスマール,(栗),奥村豊,小沢大仁,6,,2,11,9,15,30,14,85,6,46,17,,ブリックスアンドモルタル
東2,芝,1400,4, ウィルレーヴィア,(美),尾形和幸,石田拓郎,12,,1,15,11,13,38,11,73,11,93,12,,トーセンレーヴ
東6,芝,1600,9, ウィレマイト,(美),辻哲英,坂井瑠星,8,,2,9,26,7,28,6,49,10,142,6,,マインドユアビスケッツ
東8,芝,1800,10, ウインファヴォリ,(美),松尾卓哉,原田和真,7,,1,15,14,12,43,8,74,13,59,16,,リオンディーズ
京11,芝,2400,1, ウエストナウ,(栗),寺島良,横山和生,4,,7,1,32,8,57,5,86,12,115,13,,キズナ
東4,ダ,3000,5, ヴェストラン,(栗),本田優,小坂忠士,6,,2,4,22,7,20,6,59,8,135,5,,レインボーライン
京11,芝,2400,2, ヴェルテンベルク,(栗),宮本博,古川吉洋,7,,4,6,12,16,12,17,50,17,107,14,,キタサンブラック
京11,芝,2400,5, ヴェルミセル,(栗),吉村圭司,川又賢治,18,,2,13,24,12,50,6,99,8,116,12,,ゴールドシップ
東3,ダ,1600,9, ヴェントセラーレ,(美),嘉藤貴行,津村明秀,7,,3,2,32,5,34,3,48,11,151,4,,ルヴァンスレーヴ
東9,芝,1400,11, ウフドゥウフ,(美),上原博之,田辺裕信,4,,2,4,39,4,69,1,95,3,155,4,,エピファネイア
京6,ダ,1800,2,$エアアルチーナ,(栗),池添学,松山弘平,1,,3,3,43,5,73,1,92,6,186,3,,"Gun Runner"
東10,ダ,1600,14, エイブラムス,(美),鈴木慎太,木幡巧也,15,,2,5,31,7,30,12,68,11,37,16,,フリオーソ
東9,芝,1400,6, エイヨーアメジスト,(栗),高橋康之,幸英明,14,,2,4,17,12,31,13,77,8,110,8,,アレスバローズ
東2,芝,1400,10, エーアイクワイ,(美),相沢郁,横山琉人,5,,3,2,53,3,67,2,89,3,128,5,,ビッグアーサー
京10,ダ,1200,16,$エコロエイト,(美),中舘英二,江田照男,12,,3,4,13,14,16,16,118,3,105,11,,"Take Charge Indy"
東3,ダ,1600,10,*エコロゴッド,(美),岩戸孝樹,菊沢一樹,11,,2,8,10,13,10,15,51,7,107,11,,"American Pharoah"
京11,芝,2400,12, エコロディノス,(栗),大久保龍,田口貫太,15,,1,16,28,10,17,15,56,16,39,18,,キタサンブラック
京8,ダ,1400,7,$エコロボルト,(栗),森秀行,松本大輝,13,,2,6,48,5,21,14,33,14,57,12,,"Practical Joke"
京6,ダ,1800,5, エチゴドラゴン,(栗),宮本博,荻野琢真,2,,3,3,32,9,63,3,117,3,214,2,,リアルスティール
東8,芝,1800,17, エナジーショット,(美),矢嶋大樹,横山琉人,16,,3,3,13,13,21,14,49,17,64,15,,サンダースノー
東1,芝,1800,11, エピックジャーニー,(美),浅利英明,荻野極,2,,6,1,53,3,63,4,92,3,174,3,,エフフォーリア
東5,芝,2000,9, エメラルドプレミア,(美),菊川正達,佐々木大,10,,2,8,11,12,17,10,37,12,105,11,,ワールドプレミア
京3,ダ,1400,11,$エリーマイラヴ,(栗),小崎憲,鮫島克駿,5,,4,1,31,4,34,3,42,11,142,5,,"Army Mule"
東11,芝,1800,10, エルトンバローズ,(栗),杉山晴紀,松若風馬,10,,6,1,22,12,53,4,104,7,107,14,,ディープブリランテ
東4,ダ,3000,2, エンジョイドライブ,(栗),宮本博,小野寺祐,5,,2,4,50,3,27,5,71,4,151,1,,フォーウィールドライブ
京10,ダ,1200,9, エンヤラヴフェイス,(栗),森田直行,松山弘平,7,,3,4,30,7,62,1,44,15,69,14,,エイシンヒカリ
東3,ダ,1600,4, オーケーグラン,(美),相沢郁,横山琉人,8,,3,2,19,9,22,8,74,1,146,5,,マインドユアビスケッツ
京3,ダ,1400,7, オージーブラック,(栗),畑端省吾,古川吉洋,14,,2,9,12,11,12,12,37,13,105,12,,シャンハイボビー
京9,芝,2000,16, オールセインツ,(栗),友道康夫,富田暁,12,,1,17,30,9,42,9,97,4,97,12,,キズナ
東1,芝,1800,1, オシゴリ,(美),深山雅史,内田博幸,7,,2,6,26,6,41,7,43,9,117,6,,ロジャーバローズ
京8,ダ,1400,5, オセアエクスプレス,(美),菊川正達,古川吉洋,14,,2,6,23,10,49,6,42,13,69,10,,アジアエクスプレス
京5,芝,2000,4, オミゴト,(栗),秋山真一,池添謙一,9,,3,3,30,5,29,6,55,5,132,8,,ロジャーバローズ
東8,芝,1800,16, オメガディコン,(美),浅利英明,岩田康誠,13,,3,3,22,11,33,10,105,6,77,14,,ポエティックフレア
東10,ダ,1600,5, オンザムービー,(栗),牧田和弥,横山典弘,1,,4,1,60,2,68,1,77,9,143,3,,サンダースノー
東8,芝,1800,14, ガールネクストドア,(美),佐藤吉勝,嶋田純次,17,,1,15,11,15,17,17,50,16,47,17,,カリフォルニアクローム
東9,芝,1400,14, カガラプンツェル,(美),萱野浩二,原田和真,12,,2,4,20,11,36,12,83,5,74,12,,タワーオブロンドン
東12,ダ,1600,5, カゼノタカトシ,(美),久保田貴,戸崎圭太,12,,3,3,31,7,56,2,116,2,160,3,,レイデオロ
京12,芝,1200,4, ガラベイヤ,(美),加藤士津,横山和生,2,,2,7,31,7,71,1,91,2,140,5,,アルアイン
京9,芝,2000,7, カリーニョ,(栗),杉山晴紀,川田将雅,5,,6,2,59,3,69,2,70,14,107,9,,ドゥラメンテ
東12,ダ,1600,12, カロローザ,(栗),松永幹夫,幸英明,8,,2,8,16,11,17,16,64,13,38,16,,ナダル
京2,芝,1600,4, キシゲヒーロー,(栗),中尾秀正,角田大和,4,,3,2,31,5,59,3,106,1,192,2,,アドマイヤマーズ
京8,ダ,1400,9, キタノライブリー,(美),本間忍,田口貫太,12,,1,14,11,14,39,7,28,15,34,15,,アジアエクスプレス
京3,ダ,1400,16, ギニー,(栗),井上智史,国分優作,15,,1,13,11,13,9,13,47,10,105,12,,チュウワウィザード
東4,ダ,3000,9, キャプテンシー,(栗),松永幹夫,中村将之,7,,3,2,21,8,19,7,63,6,123,8,,モーリス
京9,芝,2000,5,$キュクヌス,(栗),池江泰寿,吉村誠之,10,,6,2,6,18,8,18,80,9,111,7,,"Saxon Warrior"
京11,芝,2400,17, キングスコール,(栗),矢作芳人,吉田豊,10,,4,6,47,2,28,12,96,10,122,11,,ドゥラメンテ
京9,芝,2000,6, キントリヒ,(美),矢野英一,田口貫太,14,,1,17,9,15,37,12,53,17,33,18,,ゴールドシップ
東10,ダ,1600,6, クールブロン,(栗),井上智史,三浦皇成,9,,2,5,26,8,42,9,91,6,110,8,,ドレフォン
東2,芝,1400,8, クールボビー,(美),矢野英一,津村明秀,9,,2,6,26,8,58,4,102,1,124,6,,シャンハイボビー
京10,ダ,1200,2, グッジョブ,(栗),牧浦充徳,Ｍ．デム,16,,2,11,20,12,48,7,85,10,83,13,,ベストウォーリア
京12,芝,1200,13,$グッドピース,(栗),高野友和,鮫島克駿,12,,4,1,31,7,65,3,71,6,148,3,,Kingman
京5,芝,2000,1, クラウンソクラテス,(栗),角田晃一,角田大和,8,,4,1,28,6,30,5,66,2,181,1,,ルーラーシップ
東2,芝,1400,14, クラウンロムパイア,(美),松永康利,木幡育也,16,,2,6,10,16,27,14,35,16,32,16,,レッドファルクス
東4,ダ,3000,8, グランナヴィール,(美),堀内岳志,上野翔,3,,3,2,51,2,28,4,54,13,141,2,,ゴールドシップ
東2,芝,1400,2, クリガーレ,(美),武市康男,丸田恭介,10,,3,2,14,12,43,10,78,8,113,8,,ニューイヤーズデイ
京7,芝,1200,18, グリフォン,(栗),小椋研介,柴田裕一,17,,2,12,11,14,17,17,77,12,79,13,,サートゥルナーリア
東11,芝,1800,5, クルゼイロドスル,(栗),高橋義忠,荻野極,15,,1,17,9,16,40,10,36,17,31,17,,ファインニードル
東12,ダ,1600,2, グレイスザクラウン,(美),上原博之,木幡巧也,16,,1,15,11,13,20,15,89,7,88,11,,リーチザクラウン
京7,芝,1200,2, グロリアスマーチ,(栗),須貝尚介,鮫島克駿,11,,3,7,40,6,50,7,94,5,128,6,,モーリス
京10,ダ,1200,11, ケイアイアニラ,(栗),吉岡辰弥,高杉吏麒,14,,2,11,8,16,18,14,64,14,110,10,,パイロ
東3,ダ,1600,3, コールドアズアイス,(美),高木登,武藤雅,3,,3,2,34,4,29,5,66,4,171,1,,サンダースノー
東6,芝,1600,2, ゴールドパーティー,(美),田中勝春,野中悠太,14,,4,3,11,14,12,12,43,12,105,13,,ゴールドアクター
東3,ダ,1600,2, コールレスポンス,(美),田中博康,野中悠太,6,,2,8,21,8,22,8,67,3,129,8,,ミッキーアイル
東1,芝,1800,7, ゴクラクチョウカ,(美),和田雄二,石神深道,12,,1,10,12,12,32,10,23,11,52,12,,チュウワウィザード
東1,芝,1800,9, コスモグリュー,(美),田島俊明,柴田大知,11,,4,2,20,9,45,6,20,12,86,11,,ベンバトル
東2,芝,1400,7, コックニー,(美),田中剛,丹内祐次,7,,3,2,41,5,55,7,101,2,150,3,,タワーオブロンドン
東4,ダ,3000,7, コブラ,(美),菊沢隆徳,坂口智康,4,,2,4,31,6,33,1,75,3,141,2,,ダノンレジェンド
京10,ダ,1200,8, コンクイスタ,(栗),吉岡辰弥,北村友一,3,,3,4,40,5,52,3,105,4,212,2,,ロードカナロア
京6,ダ,1800,14, ゴンタ,(栗),小崎憲,小崎綾也,6,,2,8,51,3,49,7,80,10,130,10,,ホッコータルマエ
東1,芝,1800,4, コンフィアル,(美),嘉藤貴行,田辺裕信,4,,4,2,56,2,54,5,77,4,155,4,,ダノンキングリー
東9,芝,1400,5, サーナーティオン,(栗),藤岡健一,戸崎圭太,8,,2,4,33,6,58,5,88,4,132,5,,サンダースノー
東12,ダ,1600,7,$ザーフィル,(美),林徹,ルメール,1,,3,3,68,1,68,1,80,9,140,6,,Ghaiyyath
京11,芝,2400,14, サヴォーナ,(栗),中竹和也,斎藤新,9,,5,3,41,4,32,10,118,3,186,5,,キズナ
京4,芝,1400,12, サウンドアミューズ,(栗),加藤公太,河原田菜,9,,2,5,19,13,17,15,52,5,146,5,,シルバーステート
京5,芝,2000,10, ザキノシュガー,(栗),東田明士,鮫島克駿,10,,3,3,21,8,24,8,62,4,156,4,,エフフォーリア
京12,芝,1200,12, サクセスカラー,(美),久保田貴,吉田豊,15,,1,16,9,18,42,10,37,16,63,10,,ロジャーバローズ
京8,ダ,1400,10, ザックザク,(栗),渡辺薫彦,北村友一,5,,2,6,41,6,65,1,66,7,116,5,,フォーウィールドライブ
京10,ダ,1200,12, サトノカルナバル,(美),堀宣行,菱田裕二,5,,2,11,21,10,41,8,91,7,62,15,,キタサンブラック
東11,芝,1800,4, サトノシャイニング,(栗),杉山晴紀,西村淳也,3,,4,2,39,4,58,2,101,8,195,5,,キズナ
東5,芝,2000,4, サトノラディアント,(栗),高橋康之,戸崎圭太,4,,3,2,38,2,37,3,74,1,181,1,,サトノダイヤモンド
東10,ダ,1600,15, サトミノエンジェル,(美),鈴木伸尋,横山武史,10,,2,5,48,4,47,6,71,10,64,12,,マインドユアビスケッツ
京11,芝,2400,13, サフィラ,(栗),池添学,北村友一,14,,1,16,19,15,19,14,64,13,40,17,,ハーツクライ
京8,ダ,1400,4, サヨノジャンボリー,(美),小笠倫弘,吉田隼人,10,,2,6,27,9,29,10,62,9,103,8,,モーニン
東3,ダ,1600,11, サラサハヤブサ,(美),村田一誠,横山典弘,4,,2,8,36,3,32,4,49,9,152,3,,シニスターミニスター
東7,ダ,1400,9, サルファー,(美),秋本大介,佐々木大,11,,2,9,18,12,24,11,36,16,48,15,,パイロ
東12,ダ,1600,11, サンカルミア,(美),伊坂重信,坂井瑠星,3,,4,2,36,6,36,10,57,14,142,5,,ロージズインメイ
東6,芝,1600,1, サンデー,(栗),橋口慎介,津村明秀,3,,3,5,34,3,36,2,59,4,171,1,,モーリス
京6,ダ,1800,15, サントルドパリ,(栗),小林真也,角田大和,7,,5,1,39,6,28,12,112,4,153,7,,シスキン
京12,芝,1200,6, サンライズプルート,(栗),東田明士,吉村誠之,17,,2,7,13,14,45,8,51,13,57,12,,リオンディーズ
東3,ダ,1600,1, ジーティーカグラ,(美),栗田徹,岩田康誠,10,,4,1,25,6,28,6,49,9,132,7,,ルヴァンスレーヴ
京5,芝,2000,6, ジーティーギャング,(栗),福永祐一,松山弘平,2,,3,3,40,2,39,2,63,3,171,2,,キタサンブラック
東4,ダ,3000,1, ジェロニモス,(栗),中村直也,難波剛健,8,,1,12,33,4,14,12,101,1,130,6,,ルーラーシップ
東12,ダ,1600,1, ジオパーククラウン,(美),清水英克,長浜鴻緒,15,,1,15,10,14,32,13,33,16,45,14,,サトノクラウン
東5,芝,2000,1, シダス,(美),相沢郁,横山琉人,7,,3,2,19,9,22,8,64,2,146,4,,ワールドプレミア
東6,芝,1600,10, シドニーハーバー,(美),大竹正博,荻野極,2,,4,3,32,4,35,3,50,9,144,5,,タワーオブロンドン
東5,芝,2000,5, シャインシュネル,(美),小野次郎,石橋脩,11,,3,2,29,6,22,8,64,2,156,2,,レイデオロ
京6,ダ,1800,16, シャインベック,(栗),北出成人,亀田温心,13,,2,8,11,15,15,16,70,12,87,15,,エピファネイア
京4,芝,1400,14, ジャヤ,(栗),河嶋宏樹,斎藤新,8,,1,12,23,9,22,8,42,10,116,14,,ダノンスマッシュ
京2,芝,1600,7, ジャンゴッド,(栗),杉山晴紀,川田将雅,3,,7,1,60,3,57,4,58,6,146,5,,キタサンブラック
東11,芝,1800,15, シャンパンカラー,(美),田中剛,内田博幸,13,,2,11,15,15,28,14,93,13,157,8,,ドゥラメンテ
京8,ダ,1400,6, ジューンアゲイン,(栗),長谷川浩,田山旺佑,1,,2,6,53,2,64,2,76,4,157,2,,リオンディーズ
東7,ダ,1400,1, シュガーハイ,(美),加藤和宏,上里直汰,15,,3,4,34,5,16,14,90,8,144,3,,リオンディーズ
京5,芝,2000,7, シュテルンライト,(栗),小崎憲,小崎綾也,11,,2,9,19,9,18,10,50,6,136,7,,レイデオロ
京4,芝,1400,10, シュネルマリス,(栗),四位洋文,古川吉洋,12,,1,12,20,10,20,13,38,12,116,14,,カラヴァッジオ
東4,ダ,3000,12, ジュリアスローズ,(美),粕谷昌央,大江原圭,12,,2,4,12,13,10,13,59,8,98,13,,エピファネイア
京12,芝,1200,3, ジュルナール,(栗),池添学,池添謙一,5,,4,1,30,9,35,12,63,9,74,9,,ロードカナロア
京1,ダ,1800,8, ジュンヴァグネル,(栗),浜田多実,斎藤新,4,,3,3,32,5,63,4,119,1,213,1,,ジャスタウェイ
京5,芝,2000,3, ジュンキング,(栗),友道康夫,川田将雅,1,,4,1,41,1,40,1,44,9,129,9,,キタサンブラック
東8,芝,1800,15, ショウナンダイン,(美),森一誠,石橋脩,12,,3,3,32,8,55,6,81,11,130,11,,サートゥルナーリア
京11,芝,2400,16, ショウナンラプンタ,(栗),高野友和,池添謙一,12,,2,13,32,8,61,3,109,5,151,8,,キズナ
東6,芝,1600,5, ジョーティス,(美),手塚貴久,ルメール,1,,6,2,41,1,40,1,61,1,156,2,,モーリス
東10,ダ,1600,12, ジョディーズマロン,(栗),北出成人,戸崎圭太,12,,2,5,21,12,52,5,92,5,106,9,,ディスクリートキャット
京2,芝,1600,6, ジョン,(栗),小崎憲,小崎綾也,8,,1,8,23,6,50,8,40,8,113,8,,ミッキーアイル
東5,芝,2000,7, シルヴァノーブル,(栗),昆貢,横山典弘,2,,2,8,38,2,34,5,41,10,141,6,,シルバーステート
東5,芝,2000,6, シルバータイガー,(美),和田正一,大野拓弥,8,,2,8,13,11,12,12,40,11,104,12,,ワールドプレミア
京5,芝,2000,11, ジワールドコア,(栗),池江泰寿,吉村誠之,4,,2,9,12,11,14,11,31,12,105,11,,オルフェーヴル
東7,ダ,1400,4, シンガソング,(美),堀内岳志,松岡正海,16,,2,9,12,15,14,15,56,15,43,16,,ファインニードル
京9,芝,2000,17, シンゼンカガ,(栗),荒川義之,吉田隼人,18,,2,11,30,9,32,13,59,16,88,13,,トーセンラー
東3,ダ,1600,13, シンボリサーブル,(美),菊川正達,大野拓弥,14,,2,8,19,9,18,10,44,12,109,10,,マジェスティックウォリアー
京4,芝,1400,3, スイートリディア,(栗),高橋亮,北村友一,7,,2,5,30,5,24,7,37,13,132,9,,アドマイヤマーズ
京12,芝,1200,2, スイミーユニバンス,(栗),平田修,浜中俊,14,,3,3,21,12,49,7,60,10,56,13,,ドゥラメンテ
京9,芝,2000,10, スズカダブル,(栗),西村真幸,鮫島克駿,17,,2,11,15,13,21,16,81,8,103,10,,バゴ
東5,芝,2000,8, スズノハヤブサ,(美),尾関知人,横山武史,9,,3,2,29,6,29,6,56,6,141,6,,アルアイン
東10,ダ,1600,13, スニーカースキル,(栗),杉山晴紀,荻野極,6,,2,5,24,9,31,11,78,8,116,7,,キズナ
京12,芝,1200,16, スネーフリンガ,(栗),森田直行,松山弘平,10,,2,7,51,4,36,11,96,1,154,2,,サンダースノー
東9,芝,1400,10, スペルーチェ,(美),宮田敬介,ルメール,2,,4,1,42,3,44,10,118,2,208,1,,レイデオロ
京10,ダ,1200,10, スマートフォルス,(栗),吉村圭司,鮫島克駿,9,,3,4,31,6,52,3,119,2,201,3,,シニスターミニスター
京3,ダ,1400,6,$スリーオブスペイズ,(栗),吉田直弘,田山旺佑,9,,1,13,9,14,8,14,34,15,103,16,,Tacitus
東2,芝,1400,5, セイウンイーリス,(美),深山雅史,幸英明,2,,2,6,62,1,51,9,89,3,151,2,,リーチザクラウン
東11,芝,1800,1, セイウンハーデス,(栗),橋口慎介,幸英明,4,,4,2,53,2,37,11,116,6,199,4,,シルバーステート
東1,芝,1800,2, セールデュクール,(美),深山雅史,木幡巧也,9,,2,6,24,7,31,11,46,8,100,9,,ベンバトル
京10,ダ,1200,14, ゼットエール,(栗),吉田直弘,松本大輝,1,,4,1,52,3,51,5,72,12,104,12,,サンダースノー
東7,ダ,1400,5, セブンメデュラス,(美),木村哲也,ルメール,2,,4,1,61,1,47,5,83,10,146,2,,ドレフォン
東9,芝,1400,7, セルズパワー,(栗),牧田和弥,岩田康誠,7,,2,4,25,9,61,4,83,5,112,7,,サトノアラジン
東7,ダ,1400,12, ソードマスター,(美),小笠倫弘,ミシェル,8,,3,4,31,7,13,16,95,5,111,11,,エピファネイア
東8,芝,1800,12, ソラネルマン,(美),手塚貴久,ルメール,1,,4,1,62,1,48,7,113,1,153,7,,フィエールマン
京7,芝,1200,17, ソリスディエス,(栗),小崎憲,富田暁,14,,1,16,31,9,14,18,45,16,42,17,,キタサンブラック
東10,ダ,1600,1, ターコイズフリンジ,(美),田中博康,坂井瑠星,8,,2,5,22,10,30,12,117,1,134,5,,ブラックタイド
京7,芝,1200,5,$ダイイズキャスト,(栗),新谷功一,田山旺佑,15,,4,2,9,17,36,11,82,9,71,15,,Blame
京3,ダ,1400,2, ダイヴ,(栗),羽月友彦,角田大和,12,,4,1,12,11,14,11,74,1,134,8,,インディチャンプ
東3,ダ,1600,8, タイザンフクン,(美),武井亮,ルメール,1,,3,2,41,1,40,1,58,6,129,8,,ナダル
東7,ダ,1400,6, タイセイモノリス,(美),栗田徹,長浜鴻緒,10,,3,4,20,10,41,6,141,1,218,1,,ゴールドドリーム
京6,ダ,1800,1,*タイセイリアル,(栗),矢作芳人,古川奈穂,9,,2,8,33,8,21,14,73,11,147,8,,Arrogate
京3,ダ,1400,14, タガノゲイル,(栗),岡田稲男,田口貫太,1,Ｃ,3,3,32,3,34,3,71,2,156,3,,ミスチヴィアスアレックス
東4,ダ,3000,13, タガノバルコス,(栗),秋山真一,高田潤,2,,2,4,33,4,29,3,57,10,141,2,,キタサンブラック
京1,ダ,1800,6, タガノフリアン,(栗),角田晃一,角田大和,3,,4,1,51,3,64,2,92,3,180,4,,アニマルキングダム
京5,芝,2000,12, タナオルフォーリア,(栗),浜田多実,田口貫太,5,,2,9,19,9,21,9,41,11,117,10,,エフフォーリア
東11,芝,1800,17, ダノンエアズロック,(美),堀宣行,田辺裕信,8,,3,4,21,13,47,6,97,11,163,7,,モーリス
京11,芝,2400,18, ダノンシーマ,(栗),中内田充,川田将雅,1,,3,9,62,1,72,1,107,6,206,2,,キタサンブラック
東1,芝,1800,3, ダノンダックス,(美),田中博康,ルメール,1,,3,4,62,1,72,1,76,5,131,5,,サートゥルナーリア
京12,芝,1200,17, タマカヅラ,(美),斎藤誠,斎藤新,9,,3,3,33,6,14,17,57,11,63,10,,フィエールマン
東12,ダ,1600,6, タマモカンパネラ,(美),伊藤圭三,佐藤翔馬,14,,2,8,10,14,28,14,69,11,62,12,,ナダル
東2,芝,1400,13, タワーウマザンマイ,(美),青木孝文,原優介,15,,3,2,11,13,16,16,50,13,54,14,,タワーオブロンドン
京9,芝,2000,4, チェルノボーグ,(栗),藤原英昭,西塚洸二,8,,3,7,41,4,46,8,73,12,111,7,,ディープインパクト
東10,ダ,1600,11, チギリ,(美),鹿戸雄一,ミシェル,11,,2,5,11,15,15,15,56,12,42,15,,レッドファルクス
東10,ダ,1600,7,$チュウワチーフ,(栗),小崎憲,西村淳也,13,,2,5,63,1,37,10,30,15,84,10,,"Tom's d'Etat"
京8,ダ,1400,11,$デアプリームス,(美),田島俊明,池添謙一,2,,2,6,58,1,50,5,51,10,114,6,,"Knicks Go"
東6,芝,1600,12, ディアム,(美),小笠倫弘,横山武史,6,,3,5,35,2,35,3,59,4,154,3,,エフフォーリア
京11,芝,2400,3, ディープモンスター,(栗),池江泰寿,浜中俊,3,,6,2,35,6,33,9,59,15,152,7,,ディープインパクト
京6,ダ,1800,10, テイエムスターラン,(栗),小椋研介,高倉稜,11,,2,8,13,14,32,11,59,13,91,12,,シニスターミニスター
京4,芝,1400,6, テイケイモエ,(栗),大橋勇樹,田口貫太,13,,1,12,19,13,21,10,35,15,117,12,,シャンハイボビー
東2,芝,1400,16, ディスペアーホープ,(美),小手川準,田辺裕信,6,,5,1,37,7,63,3,82,6,101,10,,ステルヴィオ
東8,芝,1800,7, ディバインウインド,(美),堀宣行,西村淳也,2,,4,1,59,2,67,2,104,7,168,5,,スワーヴリチャード
東8,芝,1800,2, ディヒターリーベ,(美),高橋文雅,長浜鴻緒,6,,3,3,32,8,21,14,103,8,141,9,,サートゥルナーリア
東8,芝,1800,3, ティラーノ,(美),小手川準,原優介,11,,1,15,11,15,21,14,112,2,190,1,,ゴールドシップ
京6,ダ,1800,8, テスタヴェローチェ,(栗),須貝尚介,田山旺佑,8,Ｗ,3,3,21,13,37,10,133,1,170,6,,マテラスカイ
京2,芝,1600,5, テムスピード,(栗),鈴木孝志,河原田菜,5,,2,4,21,8,52,5,25,9,105,9,,ステルヴィオ
東8,芝,1800,6, デリュージョン,(栗),奥村豊,松若風馬,10,,3,3,44,6,27,13,108,4,187,2,,レッドベルジュール
東8,芝,1800,5, テンレディーゴー,(美),菊川正達,丹内祐次,8,,2,10,50,5,64,4,106,5,181,3,,デクラレーションオブウォー
東10,ダ,1600,16, トウカイポワール,(栗),北出成人,佐々木大,7,,2,5,11,15,45,8,52,13,57,13,,ヘニーヒューズ
東3,ダ,1600,15, ドーリック,(美),稲垣幸雄,荻野極,5,,3,2,12,11,15,12,37,13,105,13,,マインドユアビスケッツ
東10,ダ,1600,10, トクシーカイザー,(美),小島茂之,菊沢一樹,3,,2,5,55,3,47,6,96,4,155,1,,キンシャサノキセキ
京12,芝,1200,9, トップアタック,(栗),小椋研介,小沢大仁,3,,2,7,58,2,52,5,71,6,161,1,,サトノダイヤモンド
東11,芝,1800,9, ドラゴンブースト,(栗),藤野健太,丹内祐次,11,Ｃ,2,11,25,11,46,7,128,2,231,1,,スクリーンヒーロー
京5,芝,2000,8, トロカアニマダ,(栗),吉田直弘,国分恭介,6,,3,3,31,4,33,3,67,1,171,2,,ベンバトル
東6,芝,1600,3, ドンタククイーン,(美),田中勝春,丸田恭介,12,,2,9,12,13,11,13,33,14,105,13,,ハイランドリール
京10,ダ,1200,13, ドンレパルス,(美),高木登,田山旺佑,11,,3,4,21,10,51,5,43,16,52,16,,ディスクリートキャット
東12,ダ,1600,3, ナイトスラッガー,(美),小手川準,田辺裕信,7,,5,1,38,5,55,3,92,5,157,4,,ルーラーシップ
東4,ダ,3000,4, ナスノソナタ,(美),武井亮,水沼元輝,10,,1,12,21,8,17,10,62,7,112,10,,レイデオロ
京9,芝,2000,2, ナムラフッカー,(栗),長谷川浩,菱田裕二,13,,3,7,13,14,47,7,84,7,88,13,,スワーヴリチャード
東2,芝,1400,3, ニシノアナベル,(美),本間忍,内田博幸,11,,2,6,22,9,37,13,75,10,68,13,,オメガパフューム
京7,芝,1200,1, ニシノトリビュート,(栗),新谷功一,Ｍ．デム,8,,2,12,30,11,59,2,76,13,104,10,,モーリス
東6,芝,1600,13, ニシノメガミサマ,(美),武藤善則,武藤雅,9,,2,9,14,11,9,14,37,13,107,11,,サリオス
東12,ダ,1600,15, ノアヴィヴァーチェ,(美),鈴木慎太,菅原隆一,11,,2,8,39,4,37,9,96,4,126,8,,モーニン
東7,ダ,1400,3, パータリプトラ,(美),武井亮,幸英明,13,,4,1,17,14,17,13,102,3,125,10,,アメリカンペイトリオット
東1,芝,1800,5, バーチディダーマ,(美),蛯名利弘,原田和真,8,,2,6,21,8,39,9,40,10,104,7,,マインドユアビスケッツ
京4,芝,1400,2, バードギール,(栗),小栗実,松山弘平,3,,3,1,40,2,39,2,65,1,171,1,,タワーオブロンドン
東12,ダ,1600,10, パイシャオピン,(美),鈴木伸尋,横山武史,5,,2,8,28,9,34,11,87,8,126,8,,ホッコータルマエ
東9,芝,1400,13, ハクサンイーグル,(栗),高橋一哉,佐々木大,13,,2,4,33,6,37,11,60,12,35,15,,ハクサンムーン
京12,芝,1200,8, バシレウスシチー,(栗),岡田稲男,菱田裕二,16,,1,16,10,17,20,16,43,15,26,17,,ビッグアーサー
京8,ダ,1400,15, バックトゥザライト,(栗),辻野泰之,西塚洸二,11,,3,4,12,13,17,15,23,16,41,14,,シニスターミニスター
東9,芝,1400,12, ハルオーブ,(美),武井亮,石神深道,15,,2,4,9,15,28,14,44,15,47,13,,ディーマジェスティ
東8,芝,1800,13, ハルノアメ,(美),上原博之,佐藤翔馬,15,,2,10,13,13,29,11,81,11,132,10,,ダノンバラード
東11,芝,1800,8, ビーアストニッシド,(美),堀内岳志,原優介,17,,2,11,8,17,30,13,90,15,83,16,,アメリカンペイトリオット
東5,芝,2000,11, ピエナモルタル,(美),萱野浩二,原田和真,12,,2,8,18,10,16,11,53,8,109,10,,ブリックスアンドモルタル
東2,芝,1400,9, ピクシーブラスト,(美),岩戸孝樹,菊沢一樹,1,,2,6,57,2,58,4,82,6,150,3,,シスキン
京6,ダ,1800,11, ビゾー,(栗),斉藤崇史,Ｍ．デム,14,,2,8,31,10,53,6,58,15,89,13,,サートゥルナーリア
東2,芝,1400,11, ビップラージャ,(美),嘉藤貴行,戸崎圭太,4,,2,6,38,6,69,1,50,13,118,7,,グレーターロンドン
京6,ダ,1800,6, ビナハイバン,(栗),中尾秀正,松本大輝,15,,2,8,29,11,27,13,87,8,110,11,,コパノリッキー
東3,ダ,1600,12, ピュアティアラ,(美),室井潔,木幡巧也,9,,2,8,23,7,24,7,59,5,144,6,,シニスターミニスター
京5,芝,2000,9, ピュティアス,(栗),池添学,北村友一,3,,3,3,38,3,32,4,49,7,152,5,,ルーラーシップ
東4,ダ,3000,10, ヒロノゴウカイ,(美),蛯名利弘,江田勇亮,14,,1,12,12,13,18,8,81,2,110,11,,ダノンレジェンド
京9,芝,2000,12, ファームツエンティ,(栗),北出成人,酒井学,9,,3,7,25,11,41,10,64,15,137,5,,キズナ
東12,ダ,1600,16, ファイアマン,(美),上原博之,原優介,2,,3,3,31,7,41,7,142,1,228,1,,ディスクリートキャット
京12,芝,1200,1, ファイツオン,(栗),藤岡健一,吉田隼人,6,,2,7,46,5,26,15,49,14,45,15,,アルアイン
京11,芝,2400,11, ファミリータイム,(栗),石坂公一,鮫島克駿,8,,5,3,21,13,42,7,92,11,154,6,,リアルスティール
京6,ダ,1800,4,$ブームバップビート,(栗),中内田充,小沢大仁,4,,2,8,23,12,54,5,95,5,182,4,,"Into Mischief"
京3,ダ,1400,12, フェイマスウルフ,(栗),高橋義忠,秋山稔樹,16,,1,13,9,14,8,14,35,14,104,14,,シャンハイボビー
京8,ダ,1400,13, フェスティヴドレス,(栗),岡田稲男,菱田裕二,9,,2,6,30,8,51,4,72,5,162,1,,パイロ
東3,ダ,1600,6, フェデュデスタン,(美),勢司和浩,上里直汰,16,,1,15,9,14,11,13,35,15,104,15,,チュウワウィザード
東9,芝,1400,9, フェルミアーク,(美),森一誠,坂井瑠星,1,,2,4,38,5,46,8,76,9,126,6,,サートゥルナーリア
東7,ダ,1400,2, フクシマブリルハム,(美),小島茂之,横山琉人,12,,2,9,10,16,31,10,78,11,101,12,,ドレフォン
京4,芝,1400,5, ブライトスクリプト,(栗),松下武士,池添謙一,2,,2,5,41,1,40,1,43,9,126,10,,サートゥルナーリア
東1,芝,1800,8, ブラックナザレ,(美),佐藤吉勝,嶋田純次,10,,1,10,14,11,17,12,55,7,98,10,,キセキ
東4,ダ,3000,11, フラムリンガム,(美),柄崎将寿,伴啓太,9,,2,4,20,10,18,8,67,5,116,9,,ダイワメジャー
東8,芝,1800,8, フリーヤ,(美),鈴木伸尋,横山武史,9,,3,3,31,10,62,5,94,9,154,6,,ベンバトル
東7,ダ,1400,15, ブリックンクリック,(美),中舘英二,津村明秀,9,,2,9,25,9,35,8,95,5,95,13,,ブリックスアンドモルタル
京1,ダ,1800,3, プリメラエストレラ,(栗),橋田宜長,北村友一,5,,2,5,65,1,60,5,78,4,193,2,,ジャンダルム
京7,芝,1200,16, ブルーレース,(栗),宮本博,吉村誠之,4,,4,2,31,9,51,6,113,2,151,4,,モズアスコット
京7,芝,1200,6, ブルズアイプリンス,(栗),森秀行,松本大輝,16,,3,7,13,13,19,15,54,15,84,12,,フィエールマン
東10,ダ,1600,3, ブレトワルダ,(美),新開幸一,津村明秀,5,,3,3,36,5,64,2,85,7,118,6,,マジェスティックウォリアー
東8,芝,1800,4, フレンドモナコ,(美),加藤和宏,水沼元輝,14,,2,10,11,15,28,12,68,14,87,13,,ビーチパトロール
東10,ダ,1600,9, ブロッケンボウ,(美),松永康利,木幡育也,16,,1,15,12,14,11,16,28,16,57,13,,タリスマニック
京2,芝,1600,3, ブロッサムスピア,(栗),藤岡健一,Ｍ．デム,1,,2,4,62,1,69,2,77,5,139,6,,リアルスティール
京4,芝,1400,16, ヘヴンインザレイン,(栗),橋口慎介,川田将雅,5,,2,5,37,3,36,3,63,2,152,4,,サートゥルナーリア
東6,芝,1600,4, ヘヴンリーワールド,(美),平岩大典,丹内祐次,13,,2,9,13,12,16,10,61,1,107,11,,ワールドプレミア
京11,芝,2400,4, ヘデントール,(美),木村哲也,吉田隼人,5,Ｃ,4,6,39,5,61,3,121,2,203,4,,ルーラーシップ
京10,ダ,1200,6, ペプチドヤマト,(栗),武英智,高倉稜,10,,4,1,10,15,28,12,90,8,126,8,,ドレフォン
東7,ダ,1400,10, ヘルヴェティオス,(美),金成貴史,坂井瑠星,4,,2,9,54,3,54,2,76,12,142,4,,ドレフォン
京7,芝,1200,9, ベルサ,(栗),鈴木孝志,今村聖奈,2,,3,7,51,4,39,8,103,4,192,3,,マクフィ
京7,芝,1200,8, ペルフェツィオーネ,(栗),杉山佳明,田口貫太,12,,2,12,9,17,31,13,66,14,76,14,,ルーラーシップ
東7,ダ,1400,13, ペロ,(美),浅利英明,丸山元気,6,,3,4,28,8,53,3,89,9,130,8,,シルバーステート
京1,ダ,1800,2, ベンゲル,(栗),飯田祐史,池添謙一,7,,2,5,30,6,49,6,65,6,106,7,,クリソベリル
京9,芝,2000,1, ホウオウアートマン,(栗),矢作芳人,吉田豊,15,,2,11,9,15,15,17,80,9,102,11,,ドゥラメンテ
京9,芝,2000,9, ホウオウスーペリア,(栗),吉岡辰弥,高杉吏麒,11,,2,11,20,12,57,4,52,18,60,16,,スクリーンヒーロー
京6,ダ,1800,13,$ホウオウストライク,(栗),池江泰寿,吉村誠之,3,Ｃ,4,2,55,2,62,4,123,2,225,1,,"Good Magic"
東11,芝,1800,13, ホウオウビスケッツ,(美),奥村武,岩田康誠,9,,3,4,41,3,23,16,88,16,133,10,,マインドユアビスケッツ
京1,ダ,1800,7, ボードゥロレーヌ,(栗),新谷功一,吉村誠之,8,,1,8,20,8,30,8,44,8,104,8,,クリソベリル
京7,芝,1200,11, ホーリーステップ,(栗),斉藤崇史,森田誠也,3,,5,1,59,2,58,3,88,7,120,7,,ダノンキングリー
京8,ダ,1400,3, ポッドドンナー,(栗),辻野泰之,吉村誠之,8,,4,3,13,12,33,9,65,8,104,7,,サートゥルナーリア
京6,ダ,1800,12, マーゴットバディ,(栗),石坂公一,鮫島克駿,5,,3,3,59,1,67,2,87,8,172,5,,レイデオロ
京12,芝,1200,14, マーゴットミスト,(栗),杉山佳明,田口貫太,8,,2,7,56,3,59,4,88,4,124,7,,ビッグアーサー
京1,ダ,1800,1, マーズエクレール,(栗),佐藤悠太,鮫島克駿,1,,4,1,34,4,68,1,117,2,193,2,,アドマイヤマーズ
京1,ダ,1800,4, マーノマエストロ,(栗),寺島良,田山旺佑,2,,2,5,53,2,64,2,59,7,126,5,,ブリックスアンドモルタル
京11,芝,2400,10, マイネルエンペラー,(栗),清水久詞,吉村誠之,13,,5,3,27,11,14,16,104,7,138,9,,ゴールドシップ
東5,芝,2000,10, マイネルユンフェン,(美),伊藤大士,丹内祐次,6,,3,2,22,8,25,7,52,9,134,8,,キズナ
京12,芝,1200,15, マイネルラッシュ,(美),水野貴広,国分恭介,18,,1,16,11,16,43,9,25,18,26,17,,ダイワメジャー
京7,芝,1200,4, マウンテンバローズ,(栗),清水久詞,川田将雅,6,,4,2,39,8,69,1,81,10,112,8,,キタサンブラック
京3,ダ,1400,4, マカロンボイス,(栗),清水久詞,吉村誠之,7,,2,9,22,7,24,6,57,5,142,5,,フィレンツェファイア
京8,ダ,1400,16, マキシマムビスタ,(栗),斉藤崇史,森田誠也,7,,5,1,21,11,22,12,99,1,95,9,,ヘニーヒューズ
東3,ダ,1600,7, マックスプロックス,(美),田中剛,長浜鴻緒,12,,1,15,9,14,11,13,31,16,104,15,,マインドユアビスケッツ
京3,ダ,1400,8, マンノエンプレス,(栗),秋山真一,菱田裕二,6,,2,9,22,7,24,6,57,5,132,9,,ロジャーバローズ
東12,ダ,1600,8,$ミクストベリーズ,(美),伊藤圭三,菊沢一樹,13,,3,3,10,14,38,8,66,12,39,15,,Iffraaj
京11,芝,2400,8, ミクニインスパイア,(美),林徹,Ｍ．デム,6,,3,9,33,7,34,8,137,1,227,1,,アドマイヤマーズ
京9,芝,2000,15, ミスタージーティー,(栗),矢作芳人,斎藤新,7,,2,11,34,7,39,11,73,12,118,6,,ドゥラメンテ
東1,芝,1800,10, ミスティビーコン,(栗),橋田宜長,佐々木大,3,,3,4,30,4,69,2,104,2,182,2,,ダノンキングリー
京11,芝,2400,9, ミステリーウェイ,(栗),小林真也,松本大輝,11,,2,13,20,14,21,13,99,8,129,10,,ジャスタウェイ
京7,芝,1200,3, ミトノリン,(栗),前川恭子,斎藤新,7,,1,16,18,12,34,12,79,11,111,9,,アメリカンペイトリオット
京3,ダ,1400,1, ミホマル,(美),尾形和幸,横山和生,2,,3,3,29,5,36,2,66,3,181,1,,グレーターロンドン
京9,芝,2000,14, ミュージシャン,(栗),杉山晴紀,松山弘平,2,,7,1,66,1,57,4,115,2,210,1,,ブリックスアンドモルタル
京7,芝,1200,14, ムーンリットアイル,(栗),武英智,松山弘平,1,,4,2,61,1,58,3,88,7,143,5,,ミッキーアイル
東9,芝,1400,8, メイケイバートン,(栗),中竹和也,三浦皇成,11,,2,4,26,8,54,7,82,7,100,9,,ミッキーアイル
京6,ダ,1800,7, メイショウカスガイ,(栗),角田晃一,古川吉洋,16,,3,3,37,7,18,15,59,13,89,13,,マジェスティックウォリアー
京12,芝,1200,10, メイショウゴールド,(栗),荒川義之,酒井学,11,,3,3,13,14,29,14,56,12,53,14,,カリフォルニアクローム
京6,ダ,1800,3, メイショウソウテン,(栗),鈴木孝志,田口貫太,10,,2,8,49,4,43,9,91,7,140,9,,ブリックスアンドモルタル
京11,芝,2400,15, メイショウブレゲ,(栗),本田優,酒井学,16,,3,9,9,18,5,18,41,18,47,16,,ゴールドシップ
京10,ダ,1200,7, メイショウホウレン,(栗),安達昭夫,浜中俊,2,,3,4,58,2,55,2,88,9,191,4,,エスポワールシチー
京8,ダ,1400,8, メモリーグラス,(美),松永康利,小崎綾也,15,,1,14,10,15,29,10,44,12,30,16,,イスラボニータ
京12,芝,1200,5, モンサンゴールデン,(栗),中竹和也,柴田裕一,4,,2,7,24,11,52,5,71,6,128,6,,シルバーステート
京8,ダ,1400,12, モンシェリ,(栗),牧田和弥,秋山稔樹,16,,1,14,9,16,14,16,45,11,51,13,,マクフィ
東8,芝,1800,9, モントゥリエ,(美),中舘英二,坂井瑠星,5,,2,10,55,3,68,1,64,15,129,12,,サートゥルナーリア
東8,芝,1800,11,$ヤエギリ,(栗),福永祐一,津村明秀,3,,2,10,54,4,67,2,86,10,153,7,,"Gun Runner"
東1,芝,1800,6, ユイノヘラクレス,(美),深山雅史,木幡初也,6,,1,10,18,10,40,8,76,5,104,7,,ホークビル
東2,芝,1400,1, ヨドノプレミアム,(美),菊川正達,佐々木大,3,,2,6,42,4,55,7,83,5,155,1,,ダノンプレミアム
東12,ダ,1600,9, ライジンマル,(美),竹内正洋,木幡初也,10,,2,8,13,12,33,12,42,15,58,13,,アジアエクスプレス
京8,ダ,1400,1,*ライトオブヌカタ,(栗),上村洋行,富田暁,3,,3,4,53,2,53,3,69,6,143,4,,"City of Light"
東11,芝,1800,6, ライヒスアドラー,(美),上原佑紀,佐々木大,2,,3,4,33,6,69,1,122,4,211,2,,シスキン
東12,ダ,1600,14, ライフゲート,(美),伊藤圭三,丹内祐次,9,,2,8,22,10,51,5,103,3,126,8,,マインドユアビスケッツ
京7,芝,1200,10, ラインピクシー,(栗),長谷川浩,角田大和,10,,3,7,40,6,27,14,105,3,101,11,,サトノダイヤモンド
京2,芝,1600,9, ラッキーハナコ,(栗),浜田多実,鮫島克駿,7,,3,2,56,4,52,5,82,4,156,4,,バンドワゴン
東9,芝,1400,15, ラパンチュール,(美),蛯名正義,丹内祐次,6,,2,4,50,2,65,2,70,11,157,3,,タワーオブロンドン
京7,芝,1200,13, ラブアイミー,(栗),森田直行,小崎綾也,18,,1,16,11,14,38,9,41,18,50,16,,サンダースノー
京3,ダ,1400,15, ラムネ,(栗),柴田卓,松山弘平,3,,3,3,38,2,37,1,53,8,181,1,,シニスターミニスター
東9,芝,1400,1, ララバニュルス,(美),大竹正博,藤懸貴志,5,,2,4,23,10,55,6,76,9,96,10,,モーリス
東11,芝,1800,11, ランスオブカオス,(栗),奥村豊,横山武史,14,,3,4,20,14,24,15,97,11,130,12,,シルバーステート
京8,ダ,1400,14, ランスオブセヘル,(栗),奥村豊,斎藤新,4,,2,6,53,2,35,8,84,2,145,3,,サトノアラジン
京3,ダ,1400,10, ランスオブナイト,(栗),本田優,太宰啓介,8,,3,3,21,9,18,9,63,4,129,10,,シャンハイボビー
東5,芝,2000,12, ランパディアス,(美),黒岩陽一,坂井瑠星,3,,3,2,33,5,35,4,59,5,154,3,,キタサンブラック
東6,芝,1600,7, ランプリサージュ,(美),中舘英二,田辺裕信,7,,2,9,27,6,27,7,44,11,129,8,,キタサンブラック
東11,芝,1800,2, リアライズシリウス,(美),手塚貴久,津村明秀,1,,3,4,63,1,42,8,133,1,172,6,,ポエティックフレア
京7,芝,1200,7, リアルアルバ,(栗),大橋勇樹,西塚洸二,13,,4,2,11,14,19,15,43,17,22,18,,マテラスカイ
京3,ダ,1400,3, リアルハーン,(栗),大橋勇樹,酒井学,10,,3,3,19,10,17,10,55,7,136,7,,ヴァンゴッホ
京9,芝,2000,13,$リーティアコナル,(栗),高橋一哉,小崎綾也,16,,4,5,32,8,29,15,80,9,66,15,,Kingman
東7,ダ,1400,14,$リドルトリガー,(美),小島茂之,田辺裕信,5,,3,4,56,2,35,8,67,14,127,9,,"American Pharoah"
東10,ダ,1600,2, リネアグローリア,(栗),小崎憲,松若風馬,14,,1,15,14,13,21,14,49,14,66,11,,モーニン
京11,芝,2400,7, リビアングラス,(栗),矢作芳人,小沢大仁,17,,1,16,11,17,29,11,61,14,49,15,,キズナ
東6,芝,1600,11, リプレイハズシ,(美),深山雅史,小林美駒,4,,2,9,21,8,21,8,55,7,134,7,,サトノクラウン
東6,芝,1600,8, リリーリリー,(美),浅利英明,小林脩斗,10,,3,5,19,9,17,9,52,8,119,9,,アドマイヤマーズ
京4,芝,1400,7, リリックラヴ,(栗),武幸四郎,浜中俊,1,,2,5,37,3,35,4,48,7,144,7,,ロードカナロア
東5,芝,2000,2, リントヴルム,(美),大竹正博,ルメール,1,,4,1,41,1,40,1,62,4,129,9,,ロードカナロア
東6,芝,1600,14, ルージュクエーサー,(美),鹿戸雄一,佐々木大,5,,7,1,29,5,35,3,60,3,154,3,,ブリックスアンドモルタル
京12,芝,1200,18, ルージュサウダージ,(栗),松永幹夫,角田大和,13,,2,7,20,13,30,13,72,5,87,8,,フィレンツェファイア
東9,芝,1400,4, ルージュブリッツ,(美),古賀慎明,荻野極,10,,1,15,12,13,17,15,56,14,40,14,,エイシンフラッシュ
京4,芝,1400,11, ルージュプリメーロ,(栗),須貝尚介,吉田隼人,4,,3,1,29,6,25,6,49,6,142,8,,コントレイル
京10,ダ,1200,15, ルージュラナキラ,(美),加藤征弘,斎藤新,4,,2,11,28,9,32,11,94,5,137,7,,アドマイヤマーズ
東8,芝,1800,1, ルージュリリック,(美),上原佑紀,佐々木大,4,,3,3,41,7,34,9,112,2,172,4,,ポエティックフレア
京4,芝,1400,13, ルーディン,(栗),角田晃一,角田大和,14,,3,1,19,13,21,10,48,7,146,5,,ステルヴィオ
東4,ダ,3000,14, ルクスマーベリック,(美),大和田成,小林凌大,11,,2,4,18,11,16,11,47,14,98,13,,エピファネイア
東10,ダ,1600,8, ルグランヴァン,(美),高木登,原優介,2,,4,1,22,10,56,4,110,2,146,2,,ルヴァンスレーヴ
京4,芝,1400,4, ルシオラ,(栗),清水久詞,吉村誠之,10,,1,12,19,13,21,10,39,11,117,12,,ジャスタウェイ
京2,芝,1600,8, レイクイーン,(栗),中村直也,松山弘平,2,,2,4,61,2,71,1,94,2,172,3,,グレーターロンドン
東11,芝,1800,14, レイニング,(美),森一誠,ルメール,5,,3,4,32,7,48,5,93,13,95,15,,サートゥルナーリア
東9,芝,1400,2, レイユール,(美),手塚貴久,長浜鴻緒,9,,4,1,12,13,45,9,58,13,77,11,,キズナ
京2,芝,1600,1, レインボースター,(栗),加藤公太,吉村誠之,6,,1,8,23,6,51,7,86,3,194,1,,キズナ
東11,芝,1800,12, レガーロデルシエロ,(美),栗田徹,戸崎圭太,12,,2,11,31,8,36,12,99,9,133,10,,ロードカナロア
東12,ダ,1600,4, レッドベルダンス,(美),手塚貴久,嶋田純次,6,,3,3,49,2,46,6,78,10,133,7,,レイデオロ
京9,芝,2000,3,*レディーミコノス,(栗),寺島良,田山旺佑,4,,4,5,40,5,50,6,96,5,147,4,,"Le Havre"
東11,芝,1800,3, レディネス,(栗),昆貢,横山典弘,7,,3,4,28,10,42,8,121,5,145,9,,スワーヴリチャード
東7,ダ,1400,11, レピュニット,(美),宮田敬介,荻野極,1,,4,1,33,6,62,1,93,7,139,6,,モズアスコット
東6,芝,1600,6, レンミッキ,(美),伊藤大士,柴田大知,11,,3,5,19,9,16,10,57,6,109,10,,ウインブライト
京10,ダ,1200,4, ロードアウォード,(栗),吉岡辰弥,横山和生,6,,4,1,42,4,35,10,144,1,216,1,,ロードカナロア
京12,芝,1200,7, ロードトレゾール,(栗),清水久詞,河原田菜,7,,2,7,29,10,14,17,36,17,39,16,,ロードカナロア
京9,芝,2000,18, ロードフィレール,(栗),吉岡辰弥,横山和生,1,,3,7,60,2,73,1,109,3,148,3,,キズナ
京1,ダ,1800,5, ロードフェルム,(栗),長谷川浩,横山和生,6,,3,3,23,7,38,7,66,5,124,6,,スワーヴリチャード
京10,ダ,1200,5, ロードフロンティア,(栗),松下武士,川須栄彦,8,,2,11,60,1,40,9,72,12,155,6,,ロードカナロア
京10,ダ,1200,1, ロードラディウス,(栗),森田直行,吉村誠之,15,,3,4,29,8,18,14,78,11,119,9,,ドレフォン
京9,芝,2000,11, ローベルクランツ,(栗),小林真也,北村友一,3,,5,4,40,5,66,3,121,1,203,2,,サトノダイヤモンド
東12,ダ,1600,13, ロケットパンチ,(美),武藤善則,武藤雅,4,,2,8,47,3,53,4,91,6,163,2,,ナダル
東5,芝,2000,3, ロジヴィジョン,(美),加藤征弘,西村淳也,5,,2,8,37,4,38,2,55,7,144,5,,シルバーステート
東11,芝,1800,7, ロングラン,(美),和田勇介,菊沢一樹,16,,2,11,29,9,10,17,99,9,125,13,,ヴィクトワールピサ
東2,芝,1400,6, ワイズジュエル,(美),本間忍,長浜鴻緒,8,,2,6,22,9,57,6,65,12,111,9,,ミッキーアイル
東3,ダ,1600,14,$ワイドヴァラー,(栗),藤原英昭,戸崎圭太,2,Ｃ,3,2,40,2,39,2,73,2,171,1,,Yaupon
京4,芝,1400,1, ワンダープレマ,(栗),石橋守,太宰啓介,16,,1,12,20,10,17,15,37,13,119,11,,ヘンリーバローズ
京4,芝,1400,8, ワンダールカ,(栗),吉村圭司,川又賢治,11,,3,1,24,8,22,8,58,3,156,2,,モーリス
